"","X","item","list","subexpt","integrated","related","n2num","text","animacy","LengthChar.Head","LengthChar.Prep","LengthChar.Adj","LengthChar.Noun","LengthPhon.Head","LengthPhon.Prep","LengthPhon.Adj","LengthPhon.Noun","LengthSylHead","LengthSyll.Prep","LengthSyll.Adj","LengthSyll.Noun","Freq1Mil.Head","FreqMil.Prep","FreqMil.Adj","FreqMil.N1","LogFr.Head","LogFreq.Prep","LogFreq.Adj","LogFreq.N1","RelatedHL","RelatedLH","Integrated","Plausibility","errnd","errd","errcornd","errcord","AssPercent.HL.S","AssPercent.HL.P","LNSing.HS","LNSing.HP","LNPlur.HS","LNPlurP.HP","TotalHead1","HeadToLocNSS.Match1","HeadToLocNSP.Match1","TotalHead2","HeadToLocNSS.Match2","HeadToLocNSP.Match2","TotalLocNS1","LocNS1ToHeadS","LocNS1toHeadP","TotalLocNS2","LocNS2ToHeadS","LocNS2toHeadP","TotalLocNP1","LocNP1ToHeadS","LocNP1toHeadP","TotalLocNP2","LocNP2ToHeadS","LocNP2ToHeadP","all.asso","local.asso","res.int","res.rel","res.asshl","res.rel2"
"1",1,1,2,"SemRel","integ","rel","plur","The envelope for the formal letters","I",8,3,6,7,7,3,5,6,3,1,2,1,10.04,6749.25,8.31,37.37,1.04,3.83,0.97,1.58,6.5,6.45,5.83,6.5,9,9,22,23,27.5,0,10,0,2.5,0,20,8,0,20,3,0,20,2,0,20,2,0,20,0,0,20,1,0,12.5,8.75,0.712945915356846,0.0060514494668702,-0.443223181473721,2.60923732122985
"2",2,1,4,"SemRel","integ","unrel","plur","The envelope for the photo albums","I",8,3,5,6,7,3,4,6,3,1,2,2,10.04,6749.25,22.82,2.33,1.04,3.83,1.38,0.52,2.83,2.17,3.75,4.75,0,2,21,24,0,0,0,0,0,0,20,0,0,20,0,0,20,0,0,20,0,0,20,0,0,20,0,0,0,0,0.740949541523122,-1.33007367538561,-0.0293461035837509,-1.06076267877015
"3",3,1,6,"SemRel","unint","rel","plur","The envelope by the formal letters","I",8,2,6,7,7,2,5,6,3,1,2,1,10.04,1212.84,8.31,37.37,1.04,3.08,0.97,1.58,6.5,6.45,4.67,6.17,5,5,19,20,27.5,0,10,0,2.5,0,20,8,0,20,3,0,20,2,0,20,2,0,20,0,0,20,1,0,12.5,8.75,-0.447054084643154,1.30763551445299,-0.443223181473721,2.60923732122985
"4",4,1,8,"SemRel","unint","unrel","plur","The envelope by the photo albums","I",8,2,5,6,7,2,4,6,3,1,2,2,10.04,1212.84,22.82,2.33,1.04,3.08,1.38,0.52,2.83,2.17,1.92,4.58,1,1,20,20,0,0,0,0,0,0,20,0,0,20,0,0,20,0,0,20,0,0,20,0,0,20,0,0,0,0,-1.08905045847688,0.723287392652832,-0.0293461035837509,-1.06076267877015
"5",5,2,2,"SemRel","integ","rel","plur","The cake with the colored candles","I",4,4,7,7,3,3,6,6,1,1,2,2,44.84,5044.84,5.06,10.45,1.66,3.7,0.78,1.06,5.17,5.92,5.5,6.42,2,2,26,28,2.5,0,0,2.5,0,0,20,0,0,20,1,0,20,0,1,20,0,0,20,0,0,20,0,0,1.66666666666667,2.5,1.14688183437623,-0.925319359958321,-0.120055444474054,1.28804566864486
"6",6,2,4,"SemRel","integ","unrel","plur","The cake with the candy figurines","I",4,4,5,9,3,3,5,9,1,1,2,3,44.84,5044.84,35.55,0.49,1.66,3.7,1.56,0.17,3.92,3.58,3.58,6.33,0,1,20,22,0,0,0,0,0,0,20,0,0,20,0,0,20,0,0,20,0,0,20,0,0,20,0,0,0,0,-0.0551332793273529,0.0451581698400836,-0.0601839759310847,0.0380456686448616
"7",7,2,6,"SemRel","unint","rel","plur","The cake by the colored candles","I",4,2,7,7,3,2,6,6,1,1,2,2,44.84,1212.84,5.06,10.45,1.66,3.08,0.78,1.06,5.17,5.92,5.18,5.08,1,1,19,20,2.5,0,0,2.5,0,0,20,0,0,20,1,0,20,0,1,20,0,0,20,0,0,20,0,0,1.66666666666667,2.5,0.826881834376231,-0.555239771658586,-0.120055444474054,1.28804566864486
"8",8,2,8,"SemRel","unint","unrel","plur","The cake by the candy figurines","I",4,2,5,9,3,2,5,9,1,1,2,3,44.84,1212.84,35.55,0.49,1.66,3.08,1.56,0.17,3.92,3.58,3.5,5.55,0,0,13,13,0,0,0,0,0,0,20,0,0,20,0,0,20,0,0,20,0,0,20,0,0,20,0,0,0,0,-0.135133279327353,0.137678066915017,-0.0601839759310847,0.0380456686448616
"9",9,3,2,"SemRel","integ","rel","plur","The hammer for the rusty nails","I",6,3,6,5,5,3,5,5,2,1,2,1,10.18,6749.25,4.45,10.82,1.05,3.83,0.74,1.07,6.75,6.83,5.42,6,2,2,19,21,35,2.5,25,0,22.5,2.5,20,11,1,20,3,0,20,6,0,20,4,0,20,6,0,20,3,1,25.8333333333333,23.75,0.159348938097564,0.65426448362061,-0.200924608532806,1.59587337287802
"10",10,3,4,"SemRel","integ","unrel","plur","The hammer for the rigid pegs","I",6,3,5,4,5,3,5,4,2,1,2,1,10.18,6749.25,1.86,0.25,1.05,3.83,0.46,0.1,5.08,4.08,5.67,5.08,0,0,13,16,0,0,2.5,0,0,0,20,0,0,20,0,0,20,1,0,20,0,0,20,0,0,20,0,0,0.833333333333333,1.25,1.36857674618958,-1.27913367995658,-0.313137073992674,0.841348014436063
"11",11,3,6,"SemRel","unint","rel","plur","The hammer by the rusty nails","I",6,2,6,5,5,2,5,5,2,1,2,1,10.18,1212.84,4.45,10.82,1.05,3.08,0.74,1.07,6.75,6.83,4.67,6.42,1,1,15,18,35,2.5,25,0,22.5,2.5,20,11,1,20,3,0,20,6,0,20,4,0,20,6,0,20,3,1,25.8333333333333,23.75,-0.590651061902436,1.44445897435217,-0.200924608532806,1.59587337287802
"12",12,3,8,"SemRel","unint","unrel","plur","The hammer by the rigid pegs","I",6,2,5,4,5,2,5,4,2,1,2,1,10.18,1212.84,1.86,0.25,1.05,3.08,0.46,0.1,5.08,4.08,4.33,4.83,1,1,13,15,0,0,2.5,0,0,0,20,0,0,20,0,0,20,1,0,20,0,0,20,0,0,20,0,0,0.833333333333333,1.25,0.0285767461895752,0.132680476817145,-0.313137073992674,0.841348014436063
"13",13,4,3,"SemRel","integ","rel","plur","The coach for the disciplined athletes","A",5,3,11,8,4,3,9,6,1,1,3,2,29.33,6749.25,0.98,3.08,1.48,3.83,0.3,0.61,6.64,6.58,6.58,6.67,0,0,15,16,0,0,0,0,2.5,0,20,0,0,20,0,0,20,0,0,20,0,0,20,1,0,20,0,0,0.833333333333333,1.25,1.38253160809165,-0.687045087751152,-0.0365699376060133,2.50625711087721
"14",14,4,5,"SemRel","integ","unrel","plur","The coach for the disruptive teenagers","A",5,3,10,9,4,3,9,8,1,1,3,3,29.33,6749.25,0.43,4.29,1.48,3.83,0.16,0.72,3.83,3.58,3.92,5.75,1,1,9,9,0,0,0,0,0,0,20,0,0,20,0,0,20,0,0,20,0,0,20,0,0,20,0,0,0,0,0.33656163248599,-0.59982366131694,-0.0064489050438834,-0.303742889122788
"15",15,4,7,"SemRel","unint","rel","plur","The coach near the disciplined athletes","A",5,4,11,8,4,3,9,6,1,1,3,2,29.33,59.14,0.98,3.08,1.48,1.78,0.3,0.61,6.64,6.58,5.33,5.75,1,1,7,8,0,0,0,0,2.5,0,20,0,0,20,0,0,20,0,0,20,0,0,20,1,0,20,0,0,0.833333333333333,1.25,0.132531608091648,0.674431146475451,-0.0365699376060133,2.50625711087721
"16",16,4,1,"SemRel","unint","unrel","plur","The coach near the disruptive teenagers","A",5,4,10,9,4,3,9,8,1,1,3,3,29.33,59.14,0.43,4.29,1.48,1.78,0.16,0.72,3.83,3.58,2.17,5.25,0,0,9,11,0,0,0,0,0,0,20,0,0,20,0,0,20,0,0,20,0,0,20,0,0,20,0,0,0,0,-1.41343836751401,1.3062430666003,-0.0064489050438834,-0.303742889122788
"17",17,5,3,"SemRel","integ","rel","plur","The tent with the sturdy poles","I",4,4,6,5,4,3,6,4,1,1,2,1,17.39,5044.84,1.69,2.18,1.26,3.7,0.43,0.5,5.55,5.5,6.17,5.92,0,0,9,9,0,0,2.5,0,2.5,0,20,0,0,20,0,0,20,0,0,20,1,0,20,1,0,20,0,0,1.66666666666667,2.5,1.59861442894212,-1.32389579944175,-0.0386139108725457,1.66471795703178
"18",18,5,5,"SemRel","integ","unrel","plur","The tent with the sturdy cushions","I",4,4,6,8,4,3,6,6,1,1,2,2,17.39,5044.84,1.69,1.16,1.26,3.7,0.43,0.33,2.08,2.33,3.42,3.42,0,0,20,22,0,0,0,0,0,0,20,0,0,20,0,0,20,0,0,20,0,0,20,0,0,20,0,0,0,0,0.841740473300971,-1.68037799617512,0.0142032270408518,-1.80528204296822
"19",19,5,7,"SemRel","unint","rel","plur","The tent near the sturdy poles","I",4,4,6,5,4,3,6,4,1,1,2,1,17.39,59.14,1.69,2.18,1.26,1.78,0.43,0.5,5.55,5.5,4.58,5,1,1,14,15,0,0,2.5,0,2.5,0,20,0,0,20,0,0,20,0,0,20,1,0,20,1,0,20,0,0,1.66666666666667,2.5,0.00861442894212061,0.476283584992411,-0.0386139108725457,1.66471795703178
"20",20,5,1,"SemRel","unint","unrel","plur","The tent near the sturdy cushions","I",4,4,6,8,4,3,6,6,1,1,2,2,17.39,59.14,1.69,1.16,1.26,1.78,0.43,0.33,2.08,2.33,1.75,2.5,1,1,17,21,0,0,0,0,0,0,20,0,0,20,0,0,20,0,0,20,0,0,20,0,0,20,0,0,0,0,-0.828259526699028,0.210376451626791,0.0142032270408518,-1.80528204296822
"21",21,6,3,"SemRel","integ","rel","plur","The dam for the murky rivers","I",3,3,5,6,3,3,5,6,1,1,2,2,5.29,6749.25,0.61,2.82,0.8,3.83,0.21,0.58,6,6.25,5.83,5.36,0,0,13,16,12.5,0,0,0,0,0,20,4,0,20,1,0,20,0,0,20,0,0,20,0,0,20,0,0,4.16666666666667,1.25,1.00013986987541,-0.475298521838878,-0.233919920242448,2.10007843533964
"22",22,6,5,"SemRel","integ","unrel","plur","The dam for the musty factories","I",3,3,5,9,3,3,5,8,1,1,2,3,5.29,6749.25,0.49,16.8,0.8,3.83,0.17,1.25,1.92,3.27,3.42,3,0,0,9,10,0,0,0,5,0,2.5,20,0,0,20,0,0,20,0,1,20,0,1,20,0,1,20,0,0,2.5,3.75,0.933642538746913,-1.75999725765345,0.0479062663633356,-1.97992156466036
"23",23,6,7,"SemRel","unint","rel","plur","The dam by the murky rivers","I",3,2,5,6,3,2,5,6,1,1,2,2,5.29,1212.84,0.61,2.82,0.8,3.08,0.21,0.58,6,6.25,4.75,5.25,1,1,18,19,12.5,0,0,0,0,0,20,4,0,20,1,0,20,0,0,20,0,0,20,0,0,20,0,0,4.16666666666667,1.25,-0.0798601301245885,0.777367604850026,-0.233919920242448,2.10007843533964
"24",24,6,1,"SemRel","unint","unrel","plur","The dam by the musty factories","I",3,2,5,9,3,2,5,8,1,1,2,3,5.29,1212.84,0.49,16.8,0.8,3.08,0.17,1.25,1.92,3.27,2.67,4.5,0,0,16,19,0,0,0,5,0,2.5,20,0,0,20,0,0,20,0,1,20,0,1,20,0,1,20,0,0,2.5,3.75,0.183642538746913,-0.890090225230605,0.0479062663633356,-1.97992156466036
"25",25,7,4,"SemRel","integ","rel","plur","The necklace with the colorful diamonds","I",8,4,8,8,6,3,8,7,2,1,3,2,9.71,5044.84,3.14,17.04,1.03,3.7,0.62,1.26,6.33,5.5,6.33,5.33,0,0,18,21,10,2.5,2.5,0,5,0,20,2,0,20,2,1,20,0,0,20,1,0,20,1,0,20,1,0,5.83333333333333,6.25,1.31059185989316,-0.725491383373136,-0.0973940454636247,1.7027814424622
"26",26,7,6,"SemRel","integ","unrel","plur","The necklace with the colorful feathers","I",8,4,8,8,6,3,8,6,2,1,3,2,9.71,5044.84,3.14,5.71,1.03,3.7,0.62,0.83,2.58,1.92,3.67,5,1,1,15,17,0,0,0,0,0,0,20,0,0,20,0,0,20,0,0,20,0,0,20,0,0,20,0,0,0,0,0.804546518782405,-1.29175777896271,-0.0010148005660231,-0.841608626134083
"27",27,7,8,"SemRel","unint","rel","plur","The necklace near the colorful diamonds","I",8,4,8,8,6,3,8,7,2,1,3,2,9.71,59.14,3.14,17.04,1.03,1.78,0.62,1.26,6.33,5.5,3.83,4.42,0,1,15,17,10,2.5,2.5,0,5,0,20,2,0,20,2,1,20,0,0,20,1,0,20,1,0,20,1,0,5.83333333333333,6.25,-1.18940814010684,2.26673944783967,-0.0973940454636247,1.7027814424622
"28",28,7,2,"SemRel","unint","unrel","plur","The necklace near the colorful feathers","I",8,4,8,8,6,3,8,6,2,1,3,2,9.71,59.14,3.14,5.71,1.03,1.78,0.62,0.83,2.58,1.92,2,4.83,0,0,15,18,0,0,0,0,0,0,20,0,0,20,0,0,20,0,0,20,0,0,20,0,0,20,0,0,0,0,-0.865453481217595,0.707052416287446,-0.0010148005660231,-0.841608626134083
"29",29,8,4,"SemRel","integ","rel","plur","The fortress with the ancient walls","I",8,4,7,5,7,3,6,4,2,1,2,1,3.37,5044.84,21.61,24.16,0.64,3.7,1.35,1.4,6.25,6.33,6.08,6.42,1,1,18,18,0,0,0,0,0,0,20,0,0,20,0,0,20,0,0,20,0,0,20,0,0,20,0,0,0,0,1.10654289261613,-0.506956258222981,-0.0379828362057402,2.44038557836067
"30",30,8,6,"SemRel","integ","unrel","plur","The fortress with the ancient farms","I",8,4,7,5,7,3,6,4,2,1,2,1,3.37,5044.84,21.61,2.76,0.64,3.7,1.35,0.58,1.25,2.92,3.08,3.83,1,1,21,23,0,0,0,0,0,0,20,0,0,20,0,0,40,0,0,40,0,0,20,0,0,20,0,0,0,0,0.978482437801791,-1.92476853523153,0.0230723662523252,-2.55961442163933
"31",31,8,8,"SemRel","unint","rel","plur","The fortress near the ancient walls","I",8,4,7,5,7,3,6,4,2,1,2,1,3.37,59.14,21.61,24.16,0.64,1.78,1.35,1.4,6.25,6.33,4.58,5.5,1,1,19,20,0,0,0,0,0,0,20,0,0,20,0,0,20,0,0,20,0,0,20,0,0,20,0,0,0,0,-0.393457107383873,1.28413760327274,-0.0379828362057402,2.44038557836067
"32",32,8,2,"SemRel","unint","unrel","plur","The fortress near the ancient farms","I",8,4,7,5,7,3,6,4,2,1,2,1,3.37,59.14,21.61,2.76,0.64,1.78,1.35,0.58,1.25,2.92,1.67,5,1,1,21,23,0,0,0,0,0,0,20,0,0,20,0,0,40,0,0,40,0,0,20,0,0,20,0,0,0,0,-0.431517562198209,-0.241140305425554,0.0230723662523252,-2.55961442163933
"33",33,9,4,"SemRel","integ","rel","plur","The butler for the selfish millionaires","A",6,3,7,12,6,3,6,10,2,1,2,3,6.8,6749.25,15.94,1.76,0.89,3.83,1.23,0.44,5.83,4.58,5.18,6.08,1,1,7,7,0,0,0,0,0,0,20,0,0,20,0,0,20,0,0,20,0,0,20,0,0,20,0,0,0,0,0.447785814411728,0.043826938638226,-0.03735855544157,1.93869466379167
"34",34,9,6,"SemRel","integ","unrel","plur","The butler for the spoiled kids","A",6,3,7,4,6,3,5,4,2,1,2,1,6.8,6749.25,2.18,300.86,0.89,3.83,0.5,2.48,2.92,2.5,3.42,6.36,0,0,9,10,0,0,0,0,0,0,20,0,0,20,0,0,20,0,0,20,0,0,20,0,0,20,0,0,0,0,0.359254629709782,-0.924551386391873,0.00211252214815726,-0.971305336208331
"35",35,9,8,"SemRel","unint","rel","plur","The butler near the selfish millionaires","A",6,4,7,12,6,3,6,10,2,1,2,3,6.8,59.14,15.94,1.76,0.89,1.78,1.23,0.44,5.83,4.58,3.33,4.92,0,0,10,11,0,0,0,0,0,0,20,0,0,20,0,0,20,0,0,20,0,0,20,0,0,20,0,0,0,0,-1.40221418558827,2.08473608562363,-0.03735855544157,1.93869466379167
"36",36,9,2,"SemRel","unint","unrel","plur","The butler near the spoiled kids","A",6,4,7,4,6,3,5,4,2,1,2,1,6.8,59.14,2.18,300.86,0.89,1.78,0.5,2.48,2.92,2.5,2.92,6,0,0,7,7,0,0,0,0,0,0,20,0,0,20,0,0,20,0,0,20,0,0,20,0,0,20,0,0,0,0,-0.140745370290218,-0.37295431963906,0.00211252214815726,-0.971305336208331
"37",37,10,5,"SemRel","integ","rel","plur","The vase with the vibrant flowers","I",4,4,7,7,3,3,7,6,1,1,2,2,3.84,5044.84,1.02,46.61,0.69,3.7,0.31,1.68,6.42,6.33,5.58,6.5,1,2,16,18,15,25,2.5,0,0,0,20,5,8,20,1,2,20,0,0,20,1,0,20,0,0,20,0,0,14.1666666666667,5,0.508896948079816,0.262038934457022,0.315454909441337,-0.976369135737871
"38",38,10,7,"SemRel","integ","unrel","plur","The vase with the vibrant covers","I",4,4,7,6,3,3,7,6,1,1,2,2,3.84,5044.84,1.02,5.2,0.69,3.7,0.31,0.79,1.25,1.58,3,4.08,0,0,13,14,0,0,0,0,0,0,20,0,0,20,0,0,20,0,0,20,0,0,20,0,0,20,0,0,0,0,0.898482437801791,-1.82046119990074,0.244668927594816,-2.05747624921226
"39",39,10,1,"SemRel","unint","rel","plur","The vase near the vibrant flowers","I",4,4,7,7,3,3,7,6,1,1,2,2,3.84,59.14,1.02,46.61,0.69,1.78,0.31,1.68,6.42,6.33,4.67,5.83,1,1,16,16,15,25,2.5,0,0,0,20,5,8,20,1,2,20,0,0,20,1,0,20,0,0,20,0,0,14.1666666666667,5,-0.401103051920184,1.35104082505176,0.315454909441337,-0.976369135737871
"40",40,10,3,"SemRel","unint","unrel","plur","The vase near the vibrant covers","I",4,4,7,6,3,3,7,6,1,1,2,2,3.84,59.14,1.02,5.2,0.69,1.78,0.31,0.79,1.25,1.58,2,4.33,1,1,8,10,0,0,0,0,0,0,20,0,0,20,0,0,20,0,0,20,0,0,20,0,0,20,0,0,0,0,-0.101517562198209,-0.623755825620809,0.244668927594816,-2.05747624921226
"41",41,11,5,"SemRel","integ","rel","plur","The banana for the popular sundaes","I",6,3,7,7,6,3,8,6,3,1,3,2,10.61,6749.25,23.22,0.53,1.06,3.83,1.38,0.18,5.5,5,5.17,5,3,3,20,21,0,0,5,0,2.5,0,20,0,0,20,0,0,20,0,0,20,2,0,40,2,0,40,0,0,2.5,3.33333333333333,0.62733382439398,-0.266330309999779,-0.0468736567983774,1.53566223325533
"42",42,11,7,"SemRel","integ","unrel","plur","The banana for the popular sandwiches","I",6,3,7,10,6,3,8,9,3,1,3,3,10.61,6749.25,23.22,9.61,1.06,3.83,1.38,1.03,3.38,4.92,3.88,3.33,2,2,13,18,0,0,NA,NA,0,0,20,0,0,20,0,0,0,0,0,0,0,0,20,0,0,20,0,0,0,0,0.5550361915527,-0.953353150264595,-0.00822899732026347,-0.584337766744674
"43",43,11,1,"SemRel","unint","rel","plur","The banana near the popular sundaes","I",6,4,7,7,6,3,8,6,3,1,3,2,10.61,59.14,23.22,0.53,1.06,1.78,1.38,0.18,5.5,5,4.17,3.83,4,4,16,16,0,0,5,0,2.5,0,20,0,0,20,0,0,20,0,0,20,2,0,40,2,0,40,0,0,2.5,3.33333333333333,-0.37266617560602,0.844504697546875,-0.0468736567983774,1.53566223325533
"44",44,11,3,"SemRel","unint","unrel","plur","The banana near the popular sandwiches","I",6,4,7,10,6,3,8,9,3,1,3,3,10.61,59.14,23.22,9.61,1.06,1.78,1.38,1.03,3.38,4.92,2.42,4.25,3,3,20,23,0,0,NA,NA,0,0,20,0,0,20,0,0,0,0,0,0,0,0,20,0,0,20,0,0,0,0,-0.9049638084473,0.66846596075352,-0.00822899732026347,-0.584337766744674
"45",45,12,5,"SemRel","integ","rel","plur","The bodyguard for the nervous actresses","A",9,3,7,9,8,3,6,8,3,1,2,3,5.71,6749.25,67.04,2.25,0.83,3.83,1.83,0.51,3.92,5.42,4.83,5.67,1,1,6,7,0,0,0,0,0,0,20,0,0,20,0,0,20,0,0,20,0,0,20,0,0,20,0,0,0,0,1.19486672067265,-1.45802375906597,-0.0322297980132456,0.193582316239699
"46",46,12,7,"SemRel","integ","unrel","plur","The bodyguard for the nervous jewelers","A",9,3,7,8,8,3,6,8,3,1,2,3,5.71,6749.25,67.04,0.43,0.83,3.83,1.83,0.16,2.42,3.33,3.75,5.25,1,2,12,14,0,0,0,0,0,0,20,0,0,20,0,0,20,0,0,20,0,0,20,0,0,20,0,0,0,0,0.976448584228347,-1.75063837887967,0.0100744002936883,-1.3064176837603
"47",47,12,1,"SemRel","unint","rel","plur","The bodyguard near the nervous actresses","A",9,4,7,9,8,3,6,8,3,1,2,3,5.71,59.14,67.04,2.25,0.83,1.78,1.83,0.51,3.92,5.42,4.92,6,1,1,6,7,0,0,0,0,0,0,20,0,0,20,0,0,20,0,0,20,0,0,20,0,0,20,0,0,0,0,1.28486672067265,-1.55863920741483,-0.0322297980132456,0.193582316239699
"48",48,12,3,"SemRel","unint","unrel","plur","The bodyguard near the nervous jewelers","A",9,4,7,8,8,3,6,8,3,1,2,3,5.71,59.14,67.04,0.43,0.83,1.78,1.83,0.16,2.42,3.33,2.09,4.58,1,1,10,11,0,0,0,0,0,0,20,0,0,20,0,0,20,0,0,20,0,0,20,0,0,20,0,0,0,0,-0.683551415771654,0.105157668443699,0.0100744002936883,-1.3064176837603
"49",49,13,6,"SemRel","integ","rel","plur","The bicycle with the warped tires","I",7,4,6,5,8,3,4,5,3,1,1,1,6.55,5044.84,1.35,2.67,0.88,3.7,0.37,0.56,6.17,6.25,6,5.58,0,0,10,10,2.5,0,0,0,0,0,20,1,0,20,0,0,20,0,0,20,0,0,20,0,0,20,0,0,0.833333333333333,0,1.0724939253391,-0.54207934522233,-0.130055630790639,1.94963057496815
"50",50,13,8,"SemRel","integ","unrel","plur","The bicycle with the warped baskets","I",7,4,6,7,8,3,4,7,3,1,1,2,6.55,5044.84,1.35,1.61,0.88,3.7,0.37,0.42,4.58,3,5,4.58,3,3,8,9,0,0,0,0,0,0,20,0,0,20,0,0,20,0,0,20,0,0,20,0,0,20,0,0,0,0,0.985770700708142,-1.09476597774718,-0.0703203981775796,0.359630574968154
"51",51,13,2,"SemRel","unint","rel","plur","The bicycle by the warped tires","I",7,2,6,5,8,2,4,5,3,1,1,1,6.55,1212.84,1.35,2.67,0.88,3.08,0.37,0.56,6.17,6.25,4.08,4.75,0,0,4,8,2.5,0,0,0,0,0,20,1,0,20,0,0,20,0,0,20,0,0,20,0,0,20,0,0,0.833333333333333,0,-0.847506074660898,1.44956232032996,-0.130055630790639,1.94963057496815
"52",52,13,4,"SemRel","unint","unrel","plur","The bicycle by the warped baskets","I",7,2,6,7,8,2,4,7,3,1,1,2,6.55,1212.84,1.35,1.61,0.88,3.08,0.37,0.42,4.58,3,3.5,4.42,1,1,19,19,0,0,0,0,0,0,20,0,0,20,0,0,20,0,0,20,0,0,20,0,0,20,0,0,0,0,-0.514229299291858,0.461204073465546,-0.0703203981775796,0.359630574968154
"53",53,14,6,"SemRel","integ","rel","plur","The caddy for the charismatic golfers","A",5,3,11,7,4,3,10,7,2,1,4,2,2.73,6749.25,0.8,0.55,0.57,3.83,0.26,0.19,6.83,6.42,5.58,6.42,1,1,9,11,0,0,5,0,2.5,2.5,20,0,0,20,0,0,20,0,0,20,2,0,20,1,0,20,0,1,2.5,3.75,0.273397905374591,0.633521028953457,-0.033453868820062,2.66915229129671
"54",54,14,8,"SemRel","integ","unrel","plur","The caddy for the charismatic celebrities","A",5,3,11,11,4,3,10,10,2,1,4,4,2.73,6749.25,0.8,7.27,0.57,3.83,0.26,0.92,2.25,1.17,3,5.17,0,0,7,10,0,0,0,0,0,0,20,0,0,20,0,0,20,0,0,20,0,0,20,0,0,20,0,0,0,0,0.324094528764659,-0.992708250884061,0.0101892184033874,-1.91084770870329
"55",55,14,2,"SemRel","unint","rel","plur","The caddy near the charismatic golfers","A",5,4,11,7,4,3,10,7,2,1,4,2,2.73,59.14,0.8,0.55,0.57,1.78,0.26,0.19,6.83,6.42,5.08,6.08,1,1,9,11,0,0,5,0,2.5,2.5,20,0,0,20,0,0,20,0,0,20,2,0,20,1,0,20,0,1,2.5,3.75,-0.226602094625409,1.20595721503146,-0.033453868820062,2.66915229129671
"56",56,14,4,"SemRel","unint","unrel","plur","The caddy near the charismatic celebrities","A",5,4,11,11,4,3,10,10,2,1,4,4,2.73,59.14,0.8,7.27,0.57,1.78,0.26,0.92,2.25,1.17,2.33,5.58,0,0,5,5,0,0,0,0,0,0,20,0,0,20,0,0,20,0,0,20,0,0,20,0,0,20,0,0,0,0,-0.345905471235341,-0.22564376153954,0.0101892184033874,-1.91084770870329
"57",57,15,6,"SemRel","integ","rel","plur","The church with the giant crosses","I",6,4,5,7,6,3,5,6,1,1,2,2,68.73,5044.84,20.18,2.33,1.84,3.7,1.33,0.52,6.67,6.33,6.67,6.67,0,1,14,15,2.5,0,10,0,7.5,0,20,0,0,20,1,0,20,1,0,20,3,0,20,3,0,20,0,0,6.66666666666667,10,1.45529997082053,-0.777736792686234,-0.159577508595685,2.74175244370421
"58",58,15,8,"SemRel","integ","unrel","plur","The church with the giant driveways","I",6,4,5,9,6,3,5,7,1,1,2,2,68.73,5044.84,20.18,0.2,1.84,3.7,1.33,0.08,1.92,2.42,3.08,5,1,1,16,17,0,0,0,0,0,0,20,0,0,20,0,0,20,0,0,20,0,0,20,0,0,20,0,0,0,0,0.593642538746912,-1.38300664887674,0.0311092044406734,-2.00824755629579
"59",59,15,2,"SemRel","unint","rel","plur","The church near the giant crosses","I",6,4,5,7,6,3,5,6,1,1,2,2,68.73,59.14,20.18,2.33,1.84,1.78,1.33,0.52,6.67,6.33,5.17,5.75,1,1,18,20,2.5,0,10,0,7.5,0,20,0,0,20,1,0,20,1,0,20,3,0,20,3,0,20,0,0,6.66666666666667,10,-0.0447000291794684,0.954044604448651,-0.159577508595685,2.74175244370421
"60",60,15,4,"SemRel","unint","unrel","plur","The church near the giant driveways","I",6,4,5,9,6,3,5,7,1,1,2,2,68.73,59.14,20.18,0.2,1.84,1.78,1.33,0.08,1.92,2.42,2.25,5.42,0,0,18,18,0,0,0,0,0,0,20,0,0,20,0,0,20,0,0,20,0,0,20,0,0,20,0,0,0,0,-0.236357461253088,-0.42475427579544,0.0311092044406734,-2.00824755629579
"61",61,16,7,"SemRel","integ","rel","plur","The eraser for the novelty pencils","I",6,3,7,7,6,3,7,7,3,1,3,2,1,6749.25,1.67,2.84,0.3,3.83,0.43,0.58,6.67,6.75,6.42,5.75,5,6,11,13,27.5,2.5,15,0,10,0,20,6,0,20,5,1,20,3,0,20,3,0,20,3,0,20,1,0,17.5,18.75,1.20529997082054,-0.47551854102309,-0.199384438477325,1.6192572757034
"62",62,16,1,"SemRel","integ","unrel","plur","The eraser for the novelty pens","I",6,3,7,4,6,3,7,4,3,1,3,1,1,6749.25,1.67,2.51,0.3,3.83,0.43,0.55,3.33,5.11,4.08,4.25,3,4,10,11,0,0,2.5,2.5,2.5,2.5,20,0,0,20,0,0,20,1,1,20,0,0,20,0,0,20,1,1,1.66666666666667,2.5,0.783755587004557,-1.44212366420573,-0.0970693482538666,-0.74834103921218
"63",63,16,3,"SemRel","unint","rel","plur","The eraser near the novelty pencils","I",6,4,7,7,6,3,7,7,3,1,3,2,1,59.14,1.67,2.84,0.3,1.78,0.43,0.58,6.67,6.75,4.58,6.42,1,3,15,18,27.5,2.5,15,0,10,0,20,6,0,20,5,1,20,3,0,20,3,0,20,3,0,20,1,0,17.5,18.75,-0.634700029179464,1.39074067835466,-0.199384438477325,1.6192572757034
"64",64,16,5,"SemRel","unint","unrel","plur","The eraser near the novelty pens","I",6,4,7,4,6,3,7,4,3,1,3,1,1,59.14,1.67,2.51,0.3,1.78,0.43,0.55,3.33,5.11,2.58,5,1,1,17,18,0,0,2.5,2.5,2.5,2.5,20,0,0,20,0,0,20,1,1,20,0,0,20,0,0,20,1,1,1.66666666666667,2.5,-0.716244412995443,0.0792833081130895,-0.0970693482538666,-0.74834103921218
"65",65,17,7,"SemRel","integ","rel","plur","The waitress for the impatient diners","A",8,3,9,6,6,3,8,6,2,1,3,2,9.67,6749.25,4.04,0.78,1.03,3.83,0.7,0.25,6.75,5.92,6,5.5,0,0,8,8,5,0,2.5,0,2.5,0,20,2,0,20,0,0,20,0,0,20,1,0,20,0,0,20,1,0,2.5,1.25,0.739348938097566,0.0795041078033174,-0.19941358952788,3.05370804694426
"66",66,17,1,"SemRel","integ","unrel","plur","The waitress for the impatient seniors","A",8,3,9,7,6,3,8,6,2,1,3,2,9.67,6749.25,4.04,2.43,1.03,3.83,0.7,0.54,2.17,1.75,3.08,5.33,0,0,9,9,0,0,0,0,0,0,20,0,0,20,0,0,20,0,0,20,0,0,20,0,0,20,0,0,0,0,0.45004556148763,-1.09575048147043,0.0239224294352931,-1.52629195305575
"67",67,17,3,"SemRel","unint","rel","plur","The waitress by the impatient diners","A",8,2,9,6,6,2,8,6,2,1,3,2,9.67,1212.84,4.04,0.78,1.03,3.08,0.7,0.25,6.75,5.92,5.17,5.17,0,0,7,7,5,0,2.5,0,2.5,0,20,2,0,20,0,0,20,0,0,20,1,0,20,0,0,20,1,0,2.5,1.25,-0.0906510619024345,1.04729133071523,-0.19941358952788,3.05370804694426
"68",68,17,5,"SemRel","unint","unrel","plur","The waitress by the impatient seniors","A",8,2,9,7,6,2,8,6,2,1,3,2,9.67,1212.84,4.04,2.43,1.03,3.08,0.7,0.54,2.17,1.75,2.67,6.25,0,0,9,11,0,0,0,0,0,0,20,0,0,20,0,0,20,0,0,20,0,0,20,0,0,20,0,0,0,0,0.0400455614876303,-0.617686913525987,0.0239224294352931,-1.52629195305575
"69",69,18,7,"SemRel","integ","rel","plur","The table for the antique chairs","I",5,3,7,6,5,3,5,5,2,1,2,1,105.2,6749.25,4.35,9.86,2.03,3.83,0.73,1.04,6.5,6.75,6,5.42,1,3,17,20,17.5,2.5,NA,NA,15,5,20,5,1,20,2,0,0,0,0,0,0,0,20,2,2,20,4,0,15,15,0.882945915356848,-0.21164888910884,-0.0412889552710894,1.39560374757759
"70",70,18,1,"SemRel","integ","unrel","plur","The table for the antique lamps","I",5,3,7,5,5,3,5,5,2,1,2,1,105.2,6749.25,4.35,2.06,2.03,3.83,0.73,0.49,5.33,5,4.25,6.42,0,0,19,19,0,0,10,0,2.5,0,20,0,0,20,0,0,20,3,0,20,1,0,40,1,0,40,1,0,3.125,4.16666666666667,-0.195020231069707,0.435980863127376,-0.253313854195919,1.16846179339623
"71",71,18,3,"SemRel","unint","rel","plur","The table by the antique chairs","I",5,2,7,6,5,2,5,5,2,1,2,1,105.2,1212.84,4.35,9.86,2.03,3.08,0.73,1.04,6.5,6.75,5.67,6,2,2,22,23,17.5,2.5,NA,NA,15,5,20,5,1,20,2,0,0,0,0,0,0,0,20,2,2,20,4,0,15,15,0.552945915356848,0.131104149884274,-0.0412889552710894,1.39560374757759
"72",72,18,5,"SemRel","unint","unrel","plur","The table by the antique lamps","I",5,2,7,5,5,2,5,5,2,1,2,1,105.2,1212.84,4.35,2.06,2.03,3.08,0.73,0.49,5.33,5,3.67,6.25,0,0,22,23,0,0,10,0,2.5,0,20,0,0,20,0,0,20,3,0,20,1,0,40,1,0,40,1,0,3.125,4.16666666666667,-0.775020231069707,1.03839529529709,-0.253313854195919,1.16846179339623
"73",73,19,8,"SemRel","integ","rel","plur","The resort with the elongated pools","I",6,4,9,5,6,3,9,4,2,1,4,1,6.65,6749.25,0.31,2.29,0.88,3.83,0.12,0.52,6.25,6.17,4.92,6.17,1,2,12,14,5,0,0,0,0,0,20,1,0,20,1,0,20,0,0,20,0,0,20,0,0,20,0,0,1.66666666666667,1.25,-0.0534571073838697,0.794186460486904,-0.163247881344309,2.36386373184735
"74",74,19,2,"SemRel","integ","unrel","plur","The resort with the elaborate gardens","I",6,4,9,7,6,3,8,6,2,1,4,2,6.65,6749.25,2.98,4.02,0.88,3.83,0.6,0.7,2.38,3.33,4.13,6.5,2,2,17,17,0,0,0,0,0,0,20,0,0,20,0,0,40,0,0,40,0,0,20,0,0,20,0,0,0,0,1.37942410058983,-2.17978189366117,0.0133030928511821,-1.50613626815265
"75",75,19,4,"SemRel","unint","rel","plur","The resort near the elongated pools","I",6,4,9,5,6,3,9,4,2,1,4,1,6.65,59.14,0.31,2.29,0.88,1.78,0.12,0.52,6.25,6.17,3.92,5.75,0,0,13,13,5,0,0,0,0,0,20,1,0,20,1,0,20,0,0,20,0,0,20,0,0,20,0,0,1.66666666666667,1.25,-1.05345710738387,1.92840373371719,-0.163247881344309,2.36386373184735
"76",76,19,6,"SemRel","unint","unrel","plur","The resort near the elaborate gardens","I",6,4,9,7,6,3,8,6,2,1,4,2,6.65,59.14,2.98,4.02,0.88,1.78,0.6,0.7,2.38,3.33,2.92,5.17,0,0,18,18,0,0,0,0,0,0,20,0,0,20,0,0,40,0,0,40,0,0,20,0,0,20,0,0,0,0,0.169424100589833,-0.807378993052529,0.0133030928511821,-1.50613626815265
"77",77,20,8,"SemRel","integ","rel","plur","The hydrant with the bent hoses","I",7,4,5,5,8,3,4,5,2,1,1,2,1,5044.84,1.02,1.08,0.3,3.7,0.31,0.32,6.33,4.27,5.92,3.67,2,2,10,11,0,0,0,0,0,0,20,0,0,20,0,0,20,0,0,20,0,0,20,0,0,20,0,0,0,0,0.900591859893159,-0.252783275907245,-0.0364976684526357,2.38862603873325
"78",78,20,2,"SemRel","integ","unrel","plur","The hydrant with the bright reflectors","I",7,4,6,10,8,3,4,10,2,1,1,3,1,5044.84,42.31,0.14,0.3,3.7,1.64,0.06,2.08,2,3.83,4.92,0,0,6,8,0,0,0,0,0,0,20,0,0,20,0,0,20,0,0,20,0,0,20,0,0,20,0,0,0,0,1.25174047330097,-2.09469345950279,0.0126667839550602,-1.86137396126675
"79",79,20,4,"SemRel","unint","rel","plur","The hydrant near the bent hoses","I",7,4,5,5,8,3,4,5,2,1,1,2,1,59.14,1.02,1.08,0.3,1.78,0.31,0.32,6.33,4.27,4.5,4.58,0,0,11,13,0,0,0,0,0,0,20,0,0,20,0,0,20,0,0,20,0,0,20,0,0,20,0,0,0,0,-0.519408140106841,1.3833351639465,-0.0364976684526357,2.38862603873325
"80",80,20,6,"SemRel","unint","unrel","plur","The hydrant near the bright reflectors","I",7,4,6,10,8,3,4,10,2,1,1,3,1,59.14,42.31,0.14,0.3,1.78,1.64,0.06,2.08,2,2.42,3.83,1,1,12,15,0,0,0,0,0,0,20,0,0,20,0,0,20,0,0,20,0,0,20,0,0,20,0,0,0,0,-0.158259526699028,-0.470096980493083,0.0126667839550602,-1.86137396126675
"81",81,21,8,"SemRel","integ","rel","plur","The guitar with the faulty strings","I",6,4,7,7,5,3,5,6,2,1,2,1,15.53,5044.84,1.63,8.1,1.22,3.7,0.42,0.96,6.83,6.58,6.83,5.92,0,0,5,6,0,0,0,0,0,0,20,0,3,20,0,2,20,5,0,20,0,0,20,4,0,20,4,0,11.6666666666667,13.75,1.52339790537459,-0.781962998611336,0.433214271418276,0.567711166620038
"82",82,21,2,"SemRel","integ","unrel","plur","The guitar with the faulty pedals","I",6,4,6,6,5,3,5,6,2,1,2,2,15.53,5044.84,1.63,0.75,1.22,3.7,0.42,0.24,3.75,3.13,4.08,2.5,0,0,7,7,0,0,0,0,0,0,20,0,0,20,0,0,20,0,0,20,0,0,20,0,0,20,0,0,0,0,0.542512665208959,-0.798233560788519,-0.0772121089290216,-0.308661047602796
"83",83,21,4,"SemRel","unint","rel","plur","The guitar near the faulty strings","I",6,4,7,7,5,3,5,6,2,1,2,1,15.53,59.14,1.63,8.1,1.22,1.78,0.42,0.96,6.83,6.58,6.08,4.17,1,1,6,8,0,0,0,0,0,0,20,0,3,20,0,2,20,5,0,20,0,0,20,4,0,20,4,0,11.6666666666667,13.75,0.77339790537459,0.0535995753403409,0.433214271418276,0.567711166620038
"84",84,21,6,"SemRel","unint","unrel","plur","The guitar near the faulty pedals","I",6,4,6,6,5,3,5,6,2,1,2,2,15.53,59.14,1.63,0.75,1.22,1.78,0.42,0.24,3.75,3.13,3.58,3.83,0,1,8,11,0,0,0,0,0,0,20,0,0,20,0,0,20,0,0,20,0,0,20,0,0,20,0,0,0,0,0.0425126652089594,-0.241191844820734,-0.0772121089290216,-0.308661047602796
"85",85,22,1,"SemRel","integ","rel","plur","The trainer for the confident boxers","A",7,3,9,6,6,3,9,7,2,1,3,2,5.49,6749.25,10.65,1.98,0.81,3.83,1.07,0.47,6.33,6,5.17,5.67,1,1,12,12,0,12.5,12.5,0,20,0,20,0,0,20,0,0,20,0,0,20,0,0,20,0,0,20,0,0,0,0,0.150591859893161,0.51710880704958,-0.03366824174492,2.1518353232314
"86",86,22,3,"SemRel","integ","unrel","plur","The trainer for the confident actors","A",7,3,9,6,6,3,9,6,2,1,3,2,5.49,6749.25,10.65,12.59,0.81,3.83,1.07,1.13,4.17,3.86,4.83,5.17,0,0,11,11,0,0,0,0,0,0,20,0,0,20,0,0,20,0,0,20,0,0,20,0,0,20,0,0,0,0,1.05126974341337,-1.27893592439939,-0.0102770902565336,-0.00816467676860366
"87",87,22,5,"SemRel","unint","rel","plur","The trainer near the confident boxers","A",7,4,9,6,6,3,9,7,2,1,3,2,5.49,59.14,10.65,1.98,0.81,1.78,1.07,0.47,6.33,6,3.92,5,1,1,10,12,0,12.5,12.5,0,20,0,20,0,0,20,0,0,20,0,0,20,0,0,20,0,0,20,0,0,0,0,-1.09940814010684,1.85517964731071,-0.03366824174492,2.1518353232314
"88",88,22,7,"SemRel","unint","unrel","plur","The trainer near the confident actors","A",7,4,9,6,6,3,9,6,2,1,3,2,5.49,59.14,10.65,12.59,0.81,1.78,1.07,1.13,4.17,3.86,2.83,6.17,0,0,8,8,0,0,0,0,0,0,20,0,0,20,0,0,20,0,0,20,0,0,20,0,0,20,0,0,0,0,-0.948730256586634,0.86197742001842,-0.0102770902565336,-0.00816467676860366
"89",89,23,1,"SemRel","integ","rel","plur","The canoe with the weathered oars","I",5,4,9,4,4,3,5,4,2,1,2,1,3.53,5044.84,0.18,1.08,0.66,3.7,0.07,0.32,5.42,6.58,5.67,6,0,0,14,15,0,0,10,0,5,0,20,0,0,20,0,0,20,2,0,20,2,0,20,1,0,20,1,0,4.16666666666667,6.25,1.17328485711695,-0.851820152561514,-0.0237908205956474,1.62243216484089
"90",90,23,3,"SemRel","integ","unrel","plur","The canoe with the weathered flags","I",5,4,9,5,4,3,5,5,2,1,2,1,3.53,5044.84,0.18,3.41,0.66,3.7,0.07,0.64,1.58,1.67,2.67,3.67,0,0,13,14,0,0,0,0,0,0,20,0,0,20,0,0,20,0,0,20,0,0,20,0,0,20,0,0,0,0,0.378934427819538,-1.12997898411252,0.0177634383833725,-2.21756783515911
"91",91,23,5,"SemRel","unint","rel","plur","The canoe near the weathered oars","I",5,4,9,4,4,3,5,4,2,1,2,1,3.53,59.14,0.18,1.08,0.66,1.78,0.07,0.32,5.42,6.58,4.75,5.58,1,1,13,14,0,0,10,0,5,0,20,0,0,20,0,0,20,2,0,20,2,0,20,1,0,20,1,0,4.16666666666667,6.25,0.253284857116949,0.240477805762844,-0.0237908205956474,1.62243216484089
"92",92,23,7,"SemRel","unint","unrel","plur","The canoe near the weathered flags","I",5,4,9,5,4,3,5,5,2,1,2,1,3.53,59.14,0.18,3.41,0.66,1.78,0.07,0.64,1.58,1.67,2.33,4.67,0,1,11,15,0,0,0,0,0,0,20,0,0,20,0,0,20,0,0,20,0,0,20,0,0,20,0,0,0,0,0.0389344278195383,-0.726303651688301,0.0177634383833725,-2.21756783515911
"93",93,24,1,"SemRel","integ","rel","plur","The camera with the special lenses","I",6,4,7,6,6,3,6,6,3,1,2,2,56.9,5044.84,148.2,2.27,1.76,3.7,2.17,0.52,6.08,6.5,6.58,6.33,2,2,17,17,2.5,2.5,20,0,12.5,0,20,1,0,20,0,1,20,4,0,20,4,0,20,2,0,20,3,0,10,13.75,1.70418883715244,-1.23268499731374,0.123691100207628,0.912287676487358
"94",94,24,3,"SemRel","integ","unrel","plur","The camera with the special manuals","I",6,4,7,7,6,3,6,8,3,1,2,3,56.9,5044.84,148.2,0.61,1.76,3.7,2.17,0.21,3.92,4,5.42,5.92,2,2,22,23,0,0,0,0,0,0,20,0,0,20,0,0,20,0,0,20,0,0,20,0,0,20,0,0,0,0,1.78486672067265,-2.19408015810894,-0.0731379787451984,-0.339718474501901
"95",95,24,5,"SemRel","unint","rel","plur","The camera by the special lenses","I",6,2,7,6,6,2,6,6,3,1,2,2,56.9,1212.84,148.2,2.27,1.76,3.08,2.17,0.52,6.08,6.5,5.67,5,1,1,17,17,2.5,2.5,20,0,12.5,0,20,1,0,20,0,1,20,4,0,20,4,0,20,2,0,20,3,0,10,13.75,0.79418883715244,-0.292400166558248,0.123691100207628,0.912287676487358
"96",96,24,7,"SemRel","unint","unrel","plur","The camera by the special manuals","I",6,2,7,7,6,2,6,8,3,1,2,3,56.9,1212.84,148.2,0.61,1.76,3.08,2.17,0.21,3.92,4,2.92,5.5,1,2,15,16,0,0,0,0,0,0,20,0,0,20,0,0,20,0,0,20,0,0,20,0,0,20,0,0,0,0,-0.715133279327353,0.389119926384174,-0.0731379787451984,-0.339718474501901
"97",97,101,1,"Cat","unint","rel","plur","The fork near the plastic ladles","I",4,4,7,6,4,3,7,6,1,1,2,2,8.8,59.14,18.76,0.2,0.99,1.78,1.3,0.08,4.5,3.08,4,4.67,2,3,21,22,0,0,0,0,0,0,20,0,0,20,0,0,20,0,0,20,0,0,20,0,0,20,0,0,0,0,0.0317217334311106,0.0594125175053124,-0.217677089980549,0.609237321229854
"98",98,101,3,"Cat","unint","unrel","plur","The fork near the plastic lemons","I",4,4,7,6,4,3,7,6,1,1,2,2,8.8,59.14,18.76,1.65,0.99,1.78,1.3,0.42,1.58,1.58,2.58,3.88,3,3,21,22,0,0,0,0,0,0,20,0,0,20,0,0,20,0,0,20,0,0,20,0,0,20,0,0,0,0,0.288934427819538,-1.26726905811513,0.111620203599481,-2.31076267877015
"99",99,102,1,"Cat","unint","rel","plur","The magazine under the tattered novels","I",8,5,8,6,7,5,6,6,3,2,2,2,33.14,235.35,0.24,3.18,1.53,2.37,0.09,0.62,4.5,4.92,4,5.83,2,2,21,21,0,0,0,0,0,0,20,0,0,20,0,0,20,0,0,20,0,0,20,0,0,20,0,0,0,0,0.0317217334311097,0.139428710196682,-0.0879643373350224,0.618045668644862
"100",100,102,3,"Cat","unint","unrel","plur","The magazine under the tattered necklaces","I",8,5,8,9,7,5,6,8,3,2,2,2,33.14,235.35,0.24,0.78,1.53,2.37,0.09,0.25,1.42,1.33,2.5,4.08,4,4,14,16,0,0,0,0,0,0,20,0,0,20,0,0,20,0,0,20,0,0,20,0,0,20,0,0,0,0,0.300836493265479,-1.20582321964831,0.0595589611548532,-2.46195433135514
"101",101,103,1,"Cat","unint","rel","plur","The robin by the frightened chickens","A",5,2,10,8,5,3,8,7,2,1,2,2,1.71,1212.84,15.92,10.24,0.43,3.08,1.23,1.05,4.25,4.17,2.33,4.33,0,0,10,10,0,0,0,0,0,0,20,0,0,20,0,0,20,0,0,20,0,0,20,0,0,20,0,0,0,0,-1.49468128930961,1.40986578543464,-0.209865425089495,0.0113480144360629
"102",102,103,3,"Cat","unint","unrel","plur","The robin by the frightened chipmunks","A",5,2,10,9,5,3,8,9,2,1,2,2,1.71,1212.84,15.92,0.24,0.43,3.08,1.23,0.09,3.42,2.83,3.08,4.67,0,0,5,7,0,0,0,0,0,0,20,0,0,20,0,0,20,0,0,20,0,0,20,0,0,20,0,0,0,0,-0.267939324808785,-0.210328705296921,-0.106593776186316,-0.818651985563937
"103",103,104,1,"Cat","unint","rel","plur","The knife beside the heavy clubs","I",5,6,5,5,4,6,4,5,1,2,2,1,46.55,14.96,47.04,10.41,1.68,1.2,1.68,1.06,2.5,2.92,3,4.42,0,0,20,21,0,0,0,0,0,0,20,0,0,20,0,0,20,0,0,20,0,0,20,0,0,20,0,0,0,0,0.180497551505376,-0.92777715292616,0.00780766908694677,-1.63374288912279
"104",104,104,3,"Cat","unint","unrel","plur","The knife beside the heavy cans","I",5,6,5,4,4,6,4,4,1,2,2,1,46.55,14.96,47.04,7.37,1.68,1.2,1.68,0.92,1.58,2.17,2.08,4.42,0,0,20,20,0,0,0,0,0,0,20,0,0,20,0,0,20,0,0,20,0,0,20,0,0,20,0,0,0,0,-0.211065572180462,-0.84573064453538,0.0176693594631601,-2.55374288912279
"105",105,105,1,"Cat","unint","rel","plur","The elephant beside the lazy tigers","A",8,6,4,6,7,6,4,7,3,2,2,2,11.31,14.96,11.57,4.31,1.09,1.2,1.1,0.73,4.33,4,3.08,4.46,1,1,16,18,0,0,0,0,0,0,20,0,0,20,0,0,20,0,0,20,0,0,20,0,0,20,0,0,0,0,-0.790632322032577,0.954566023137842,-0.02004419667821,0.44471795703178
"106",106,105,3,"Cat","unint","unrel","plur","The elephant beside the lazy turtles","A",8,6,4,7,7,6,4,7,3,2,2,2,11.31,14.96,11.57,3,1.09,1.2,1.1,0.6,3.58,3.42,2.92,4.17,0,0,16,16,0,0,0,0,0,0,20,0,0,20,0,0,20,0,0,20,0,0,20,0,0,20,0,0,0,0,-0.519841390254728,0.385716149873355,-0.00862838877185602,-0.30528204296822
"107",107,106,1,"Cat","unint","rel","plur","The monastery near the ancient chapels","I",9,4,7,7,9,3,7,7,4,1,2,2,3.69,59.14,21.61,0.22,0.67,1.78,1.35,0.08,5.33,6.5,3.25,5.78,1,2,17,18,0,0,0,0,0,0,20,0,0,20,0,0,20,0,0,20,0,0,20,0,0,20,0,0,0,0,-1.19502023106971,1.84718166969572,-0.187639639598851,1.43007843533964
"108",108,106,3,"Cat","unint","unrel","plur","The monastery near the ancient castles","I",9,4,7,7,9,3,7,6,4,1,2,2,3.69,59.14,21.61,0.88,0.67,1.78,1.35,0.27,3,3.67,4.25,6.04,1,1,21,22,0,0,0,0,0,0,20,0,0,20,0,0,20,0,0,20,0,0,20,0,0,20,0,0,0,0,1.14330359698681,-1.64269437353474,-0.026694783032313,-0.899921564660355
"109",109,107,2,"Cat","unint","rel","plur","The rake beside the muddy gloves","I",4,6,5,6,3,6,4,5,1,2,2,1,1.18,14.96,2.98,16.2,0.34,1.2,0.6,1.24,2.67,3.33,3.42,5.96,0,0,20,21,0,0,0,0,0,0,20,0,0,20,0,0,20,0,0,20,0,0,20,0,0,20,0,0,0,0,0.502851606969063,-0.902534695841429,-0.0110079024435655,-0.751608626134083
"110",110,107,4,"Cat","unint","unrel","plur","The rake beside the muddy graves","I",4,6,5,6,3,6,4,5,1,2,2,1,1.18,14.96,2.98,5.57,0.34,1.2,0.6,0.82,2.5,1.75,2.75,5.08,0,0,18,18,0,0,0,0,0,0,20,0,0,20,0,0,20,0,0,20,0,0,20,0,0,20,0,0,0,0,-0.0695024484946245,-0.270616833076397,0.00786795665845907,-0.921608626134083
"111",111,108,2,"Cat","unint","rel","plur","The shovel near the cracked buckets","I",6,4,7,7,5,3,5,6,2,1,1,2,6.06,59.14,1.25,2.78,0.85,1.78,0.35,0.58,3.58,4.58,3.42,5.63,1,1,28,29,0,0,0,0,0,0,20,0,0,20,0,0,20,0,0,20,0,0,20,0,0,20,0,0,0,0,-0.0198413902547281,-0.000749810503898107,-0.00537935809313322,-0.22961442163933
"112",112,108,4,"Cat","unint","unrel","plur","The shovel near the cracked boulders","I",6,4,7,8,5,3,5,7,2,1,1,2,6.06,59.14,1.25,0.39,0.85,1.78,0.35,0.14,2.83,1.5,3.58,4.96,1,1,25,27,0,0,0,0,0,0,20,0,0,20,0,0,20,0,0,20,0,0,20,0,0,20,0,0,0,0,0.570949541523122,-0.941799822396775,0.00377892227557658,-0.97961442163933
"113",113,109,2,"Cat","unint","rel","plur","The spider by the aggressive bees","A ",6,2,10,4,7,3,7,3,2,1,3,1,10.08,1212.84,7.94,5.27,1.04,3.08,0.95,0.8,4.75,4.83,3,4.63,1,1,12,12,0,0,0,0,0,0,20,0,0,20,0,0,20,0,0,20,0,0,20,0,0,20,0,0,0,0,-1.11187524382817,1.36879014968049,-0.0227094957175476,0.858694663791669
"114",114,109,4,"Cat","unint","unrel","plur","The spider by the aggressive bears","A ",6,2,10,5,7,3,7,4,2,1,3,1,10.08,1212.84,7.94,9.24,1.04,3.08,0.95,1.01,2.25,2.5,1.58,3.54,0,0,15,16,0,0,0,0,0,0,20,0,0,20,0,0,20,0,0,20,0,0,20,0,0,20,0,0,0,0,-1.09590547123534,0.435325819258479,0.0112003647547268,-1.64130533620833
"115",115,110,2,"Cat","unint","rel","plur","The kayak beside the large ferries","I",5,6,5,7,5,6,5,5,2,2,1,2,0.51,14.96,38.49,0.12,0.18,1.2,1.6,0.05,4.25,4,2.33,4.54,3,3,14,16,0,0,0,0,0,0,20,0,0,20,0,0,20,0,0,20,0,0,20,0,0,20,0,0,0,0,-1.49468128930961,1.98133140086681,-0.323540367271806,0.942523750787742
"116",116,110,4,"Cat","unint","unrel","plur","The kayak beside the large flagpoles","I",5,6,5,9,5,6,5,8,2,2,1,2,0.51,14.96,38.49,0.06,0.18,1.2,1.6,0.02,1.33,1.5,2.25,4.04,0,0,17,18,0,0,0,0,0,0,20,0,0,20,0,0,20,0,0,20,0,0,20,0,0,20,0,0,0,0,0.102531405078821,-0.842932169190793,0.229516679731707,-1.97747624921226
"117",117,111,2,"Cat","unint","rel","plur","The treasurer beside the eager senators","A",9,6,5,8,8,6,4,8,3,2,2,3,1.12,14.96,6.82,2.41,0.33,1.2,0.89,0.53,4,3.92,3.17,4.74,0,0,8,9,0,0,0,0,0,0,20,0,0,20,0,0,20,0,0,20,0,0,20,0,0,20,0,0,0,0,-0.511084312050322,0.455339705093529,-0.0195307373563156,0.0356622332553265
"118",118,111,4,"Cat","unint","unrel","plur","The treasurer beside the eager supporters","A",9,6,5,10,8,6,4,9,3,2,2,3,1.12,14.96,6.82,1.04,0.33,1.2,0.89,0.31,2.42,3.42,2.58,4.67,0,0,3,4,0,0,0,0,0,0,20,0,0,20,0,0,20,0,0,20,0,0,20,0,0,20,0,0,0,0,-0.193551415771652,-0.469267640453945,0.00927047112265605,-1.54433776674467
"119",119,112,2,"Cat","unint","rel","plur","The horse beyond the young rabbits","A",5,6,5,7,4,5,3,6,1,2,1,2,92.06,38.25,233.1,6.45,1.97,1.59,2.37,0.87,3.83,3.58,2.92,4.61,0,0,18,18,0,0,0,0,0,0,20,0,0,20,0,0,20,0,0,20,0,0,20,0,0,20,0,0,0,0,-0.663438367514011,0.587259644782012,-0.0296915461148296,0.1035823162397
"120",120,112,4,"Cat","unint","unrel","plur","The horse beyond the young ravens","A",5,6,5,6,4,5,3,6,1,2,1,2,92.06,38.25,233.1,1.75,1.97,1.59,2.37,0.44,2.83,2.33,2.25,3.78,2,2,11,12,0,0,0,0,0,0,20,0,0,20,0,0,20,0,0,20,0,0,20,0,0,20,0,0,0,0,-0.759050458476878,0.336285760267952,-0.00148874724354028,-0.8964176837603
"121",121,113,3,"Cat","unint","rel","plur","The butterfly by the lively hornets","A",9,2,6,7,9,3,6,7,3,1,2,2,4.94,1212.84,4.06,0.49,0.77,3.08,0.7,0.17,4.58,4.58,2.75,4.71,0,0,11,12,0,0,0,0,0,0,20,0,0,20,0,0,20,0,0,20,0,0,20,0,0,20,0,0,0,0,-1.26422929929186,1.23918909907191,-0.0703203981775796,0.359630574968154
"122",122,113,1,"Cat","unint","unrel","plur","The butterfly by the lively hamsters","A",9,2,6,8,9,3,6,8,3,1,2,2,4.94,1212.84,4.06,0.39,0.77,3.08,0.7,0.14,2.33,2.75,2.42,3.71,2,2,13,13,0,0,0,0,0,0,20,0,0,20,0,0,20,0,0,20,0,0,20,0,0,20,0,0,0,0,-0.301856503958311,-0.668497489661292,0.0142105913692025,-1.89036942503185
"123",123,114,3,"Cat","unint","rel","plur","The tent near the spooky cabins","I",4,4,6,6,4,3,5,6,1,1,2,2,17.39,59.14,4.71,0.96,1.26,1.78,0.76,0.29,5.42,5,3.58,5.58,0,0,21,21,0,0,0,0,0,0,20,0,0,20,0,0,20,0,0,20,0,0,20,0,0,20,0,0,0,0,-0.916715142883051,1.51326577326546,-0.0200178965525808,1.25915229129671
"124",124,114,1,"Cat","unint","unrel","plur","The tent near the spooky caverns","I",4,4,6,7,4,3,5,7,1,1,2,2,17.39,59.14,4.71,0.27,1.26,1.78,0.76,0.11,2.33,2.33,2.67,4.83,0,0,22,23,0,0,0,0,0,0,20,0,0,20,0,0,20,0,0,20,0,0,20,0,0,20,0,0,0,0,-0.0518565039583119,-0.53490036807258,0.0094268937357289,-1.83084770870329
"125",125,115,3,"Cat","unint","rel","plur","The spatula by the greasy strainers","I",7,2,6,9,8,3,5,8,3,1,2,2,0.71,1212.84,3.88,0,0.23,3.08,0.69,0,4.25,3.92,2.92,5.71,3,3,17,19,0,0,0,0,0,0,20,0,0,20,0,0,20,0,0,20,0,0,20,0,0,20,0,0,0,0,-0.904681289309607,1.13171670015098,-0.0624276463750559,0.321752443704208
"126",126,115,1,"Cat","unint","unrel","plur","The spatula by the greasy sandwiches","I",7,2,6,10,8,3,5,10,3,1,2,3,0.71,1212.84,3.88,9.61,0.23,3.08,0.69,1.03,2.75,2.67,3.67,5.96,2,2,22,22,0,0,0,0,0,0,20,0,0,20,0,0,20,0,0,20,0,0,20,0,0,20,0,0,0,0,0.706900574246092,-1.23417399841646,-0.00221078962673234,-1.17824755629579
"127",127,116,3,"Cat","unint","rel","plur","The kiwi beside the fake peaches","I",4,6,4,7,4,6,3,6,2,2,1,2,0.76,14.96,29.22,4.02,0.25,1.2,1.48,0.7,4.42,4.75,2.67,4.57,2,3,17,19,0,0,0,0,0,0,20,0,0,20,0,0,20,0,0,20,0,0,20,0,0,20,0,0,0,0,-1.25232723384592,1.07799888977396,-0.234890739973498,0.34165896078782
"128",128,116,1,"Cat","unint","unrel","plur","The kiwi beside the fake plants","I",4,6,4,6,4,6,3,6,2,2,1,1,0.76,14.96,29.22,9.39,0.25,1.2,1.48,1.02,3.58,2.83,2.17,3.88,0,0,14,15,0,0,0,0,0,0,20,0,0,20,0,0,20,0,0,20,0,0,20,0,0,20,0,0,0,0,-1.26984139025473,0.745134547213567,-0.128679759198736,-0.49834103921218
"129",129,117,3,"Cat","unint","rel","plur","The motorcycle near the painted buses","I",10,4,7,5,11,3,6,5,4,1,2,2,8.63,59.14,1.45,3.9,0.98,1.78,0.39,0.69,4.5,4.08,2.58,5.38,2,2,17,20,0,0,0,0,0,0,20,0,0,20,0,0,20,0,0,20,0,0,20,0,0,20,0,0,0,0,-1.38827826656889,1.81725386968133,-0.0896961129630023,0.803708046944255
"130",130,117,1,"Cat","unint","unrel","plur","The motorcycle near the painted benches","I",10,4,7,7,11,3,6,7,4,1,2,2,8.63,59.14,1.45,0.59,0.98,1.78,0.39,0.2,1.33,1.5,2.17,5.63,2,2,15,17,0,0,0,0,0,0,20,0,0,20,0,0,20,0,0,20,0,0,20,0,0,20,0,0,0,0,0.0225314050788215,-0.87468256237423,0.0648836206861807,-2.36629195305574
"131",131,118,3,"Cat","unint","rel","plur","The dorm near the new condos","I",4,4,3,6,4,3,2,6,1,1,1,3,6.84,59.14,555.43,1.12,0.89,1.78,2.75,0.33,4.67,3.17,3.33,5.79,4,4,23,23,0,0,0,0,0,0,20,0,0,20,0,0,20,0,0,20,0,0,20,0,0,20,0,0,0,0,-0.735924211105199,0.731534790017273,-0.192404822820181,0.508461793396229
"132",132,118,1,"Cat","unint","unrel","plur","The dorm near the new cafes","I",4,4,3,5,4,3,2,5,1,1,1,2,6.84,59.14,555.43,0.31,0.89,1.78,2.75,0.12,2.08,2.17,3.08,5.88,9,9,28,28,0,0,0,0,0,0,20,0,0,20,0,0,20,0,0,20,0,0,20,0,0,20,0,0,0,0,0.501740473300972,-1.59880381680612,0.0466169821239998,-2.08153820660377
"133",133,119,4,"Cat","unint","rel","plur","The drill by the durable hammers","I",5,2,7,7,4,3,7,6,1,1,3,2,9.94,1212.84,0.35,1.25,1.04,3.08,0.13,0.35,5,5,3.08,5.78,0,0,21,25,0,0,0,0,0,0,20,0,0,20,0,0,20,0,0,20,0,0,20,0,0,20,0,0,0,0,-1.17547222108745,1.63114624323063,-0.106222372883233,1.11386373184735
"134",134,119,2,"Cat","unint","unrel","plur","The drill by the durable handbags","I",5,2,7,8,4,3,7,8,1,1,3,2,9.94,1212.84,0.35,0.88,1.04,3.08,0.13,0.27,1.67,1.08,2.08,3.13,0,0,19,20,0,0,0,0,0,0,20,0,0,20,0,0,20,0,0,20,0,0,20,0,0,20,0,0,0,0,-0.262760483993803,-0.564636483539092,0.0456935816570732,-2.21613626815265
"135",135,120,4,"Cat","unint","rel","plur","The saxophone beside the ornate pianos","I",9,6,6,6,8,6,5,6,3,2,2,3,1.69,14.96,0.2,0.78,0.43,1.2,0.08,0.25,5.42,4.83,3.83,5.67,0,0,8,10,0,0,0,0,0,0,20,0,0,20,0,0,20,0,0,20,0,0,20,0,0,20,0,0,0,0,-0.66671514288305,1.24530654049721,-0.0259706915841644,1.47862603873325
"136",136,120,2,"Cat","unint","unrel","plur","The saxophone beside the ornate pillars","I",9,6,6,7,8,6,5,6,3,2,2,2,1.69,14.96,0.2,0.94,0.43,1.2,0.08,0.29,1.67,1.42,2.58,3.79,0,0,11,12,0,0,0,0,0,0,20,0,0,20,0,0,20,0,0,20,0,0,20,0,0,20,0,0,0,0,0.237239516006197,-1.06444835399773,0.0174097075990967,-2.27137396126675
"137",137,121,4,"Cat","unint","rel","plur","The futon near the dirty recliners","I",5,4,5,9,5,3,5,10,2,1,2,3,0.67,59.14,58.76,0.04,0.22,1.78,1.78,0.02,4.42,5.42,3,5.42,1,1,20,22,0,0,0,0,0,0,20,0,0,20,0,0,20,0,0,20,0,0,20,0,0,20,0,0,0,0,-0.922327233845919,1.0749765457019,-0.122801175541785,0.361338952397204
"138",138,121,2,"Cat","unint","unrel","plur","The futon near the dirty radiators","I",5,4,5,9,5,3,5,9,2,1,2,3,0.67,59.14,58.76,0.22,0.22,1.78,1.78,0.08,1.83,2.42,2.09,4.54,0,0,20,21,0,0,0,0,0,0,20,0,0,20,0,0,20,0,0,20,0,0,20,0,0,20,0,0,0,0,-0.344662549439745,-0.501207531236735,0.0534311864388967,-2.2286610476028
"139",139,122,4,"Cat","unint","rel","plur","The monk near the talkative cardinals","A",4,4,9,9,4,3,7,9,1,1,3,3,4.76,59.14,0.9,0.61,0.76,1.78,0.28,0.21,2.75,4.5,2.09,4.75,0,0,16,18,0,0,0,0,0,0,20,0,0,20,0,0,20,0,0,20,0,0,20,0,0,20,0,0,0,0,-0.873099425753906,0.23411535745301,0.00510042599972049,-1.4281646767686
"140",140,122,2,"Cat","unint","unrel","plur","The monk near the talkative carpenters","A",4,4,9,10,4,3,7,10,1,1,3,3,4.76,59.14,0.9,0.69,0.76,1.78,0.28,0.23,2.25,1.92,2,4.13,0,0,6,7,0,0,0,0,0,0,20,0,0,20,0,0,20,0,0,20,0,0,20,0,0,20,0,0,0,0,-0.67590547123534,-0.169543542048188,0.0105150443998099,-1.9281646767686
"141",141,123,4,"Cat","unint","rel","plur","The saw by the oily wrenches","I",3,2,4,8,2,3,4,7,1,1,2,2,6.92,1212.84,0.94,0.25,0.9,3.08,0.29,0.1,4.83,4.25,3.17,5.5,0,0,20,23,0,0,0,0,0,0,20,0,0,20,0,0,20,0,0,20,0,0,20,0,0,20,0,0,0,0,-0.987826276551144,1.52638082114598,-0.0174061818462667,1.03243216484089
"142",142,123,2,"Cat","unint","unrel","plur","The saw by the oily rags","I",3,2,4,4,2,3,4,4,1,1,2,1,6.92,1212.84,0.94,3.16,0.9,3.08,0.29,0.62,1.25,1.5,2.58,5.29,0,0,16,18,0,0,0,0,0,0,20,0,0,20,0,0,20,0,0,20,0,0,20,0,0,20,0,0,0,0,0.478482437801792,-1.35312374905905,0.021334507514382,-2.54756783515911
"143",143,124,4,"Cat","unint","rel","plur","The van near the dented taxis","I",3,4,6,5,3,3,6,6,1,1,2,2,29,59.14,0.18,0.86,1.48,1.78,0.07,0.27,4.17,4.67,3.67,5.39,0,0,22,25,0,0,2.5,0,0,0,20,0,0,20,0,0,20,0,0,20,1,0,20,0,0,20,0,0,0.833333333333333,1.25,-0.108730256586636,-0.135840098963759,-0.0873938723849176,-0.0897184745019013
"144",144,124,2,"Cat","unint","unrel","plur","The van near the dented trailers","I",3,4,6,8,3,3,6,7,1,1,2,2,29,59.14,0.18,0.55,1.48,1.78,0.07,0.19,3.92,3.42,2.92,5.92,0,0,22,23,0,0,0,0,0,0,20,0,0,20,0,0,20,0,0,20,0,0,20,0,0,20,0,0,0,0,-0.715133279327353,0.389119926384174,-0.0731379787451984,-0.339718474501901
"145",145,125,1,"Prop","unint","assoc","plur","The blueprint near the model buildings","I",9,5,5,9,8,4,5,7,2,1,2,2,1.24,59.14,29.98,9.98,0.35,1.78,1.49,1.04,5.25,4.42,4.42,5.06,5,5,15,15,12.5,0,0,0,0,0,40,2,0,40,8,0,20,0,0,20,0,0,20,0,0,20,0,0,6.25,10,0.0209308016532628,0.246037451431433,-0.182983280141267,1.00837047450587
"146",146,125,5,"Prop","unint","rel","plur","The blueprint near the modern drawings","I",9,5,6,8,8,4,6,6,2,1,2,2,1.24,59.14,18.2,4.55,0.35,1.78,1.28,0.74,5.64,5.43,4.13,5.94,1,1,13,13,3.75,0,0,0,0,0,40,1,0,40,2,0,40,0,0,40,0,0,40,0,0,40,0,0,1.25,1.25,-0.493080482871219,0.947397302862112,-0.210045906296605,1.39837047450587
"147",147,125,3,"Prop","unint","unrel","plur","The blueprint near the metal rulers","I",9,5,6,6,8,4,6,6,2,1,2,2,1.24,59.14,19.31,0.53,0.35,1.78,1.31,0.18,5.67,4.33,3.92,5.63,0,0,13,13,0,0,0,0,0,0,40,0,0,40,0,0,20,0,0,20,0,0,20,0,0,20,0,0,0,0,-0.720312120142333,1.20286478148433,-0.212127646770093,1.42837047450587
"148",148,126,1,"Prop","unint","assoc","plur","The bike beside the greasy racks","I",4,6,6,5,4,6,5,4,1,2,2,1,25.63,14.96,3.88,0.86,1.43,1.2,0.69,0.27,5.08,4.25,5,5.06,0,0,7,7,1.25,0,0,0,2.5,0,40,1,0,40,0,0,20,0,0,20,0,0,20,1,0,20,0,0,1.25,1.25,0.698576746189575,-0.444109409890778,-0.175830257221505,1.27869849758667
"149",149,126,5,"Prop","unint","rel","plur","The bike beside the greasy tires","I",4,6,6,5,4,6,5,6,1,2,2,2,25.63,14.96,3.88,2.67,1.43,1.2,0.69,0.56,5.67,5.97,4.17,4.75,0,0,10,10,2.5,2.5,2.5,0,0,0,40,1,1,40,1,1,40,2,0,40,0,0,40,0,0,40,0,0,2.5,2.5,-0.470312120142333,1.10136865103021,0.102166712258591,0.797918990346108
"150",150,126,3,"Prop","unint","unrel","plur","The bike beside the greasy towels","I",4,6,6,6,4,6,5,6,1,2,2,2,25.63,14.96,3.88,9.33,1.43,1.2,0.69,1.01,1,1.58,3.18,4,0,0,13,13,0,0,0,0,0,0,40,0,0,40,0,0,20,0,0,20,0,0,20,0,0,20,0,0,0,0,1.22207941506108,-2.42896474618452,0.114631377560209,-2.80130150241333
"151",151,127,1,"Prop","unint","assoc","plur","The fort near the ancient caves","I",4,4,7,4,4,3,7,3,1,1,2,1,6.61,59.14,21.61,13.49,0.88,1.78,1.35,1.16,2.58,2.75,3,5.47,3,3,19,19,0,0,0,0,0,0,40,0,0,40,0,0,20,0,0,20,0,0,20,0,0,20,0,0,0,0,0.134546518782406,-0.700598400090285,0.00533639180224399,-1.26597423493006
"152",152,127,5,"Prop","unint","rel","plur","The fort near the ancient walls","I",4,4,7,5,4,3,7,4,1,1,2,1,6.61,59.14,21.61,24.16,0.88,1.78,1.35,1.4,5.21,4.88,4.04,5.94,1,1,14,14,0,0,0,0,0,0,40,0,0,40,0,0,40,0,0,40,0,0,40,0,0,40,0,0,0,0,-0.336093681985251,0.75059240869515,-0.0763084037185157,1.36402576506994
"153",153,127,3,"Prop","unint","unrel","plur","The fort near the ancient cliffs","I",4,4,7,6,4,3,7,5,1,1,2,1,6.61,59.14,21.61,2.16,0.88,1.78,1.35,0.5,1.92,2.58,3.42,4.69,0,0,17,17,0,0,0,0,0,0,40,0,0,40,0,0,20,0,0,20,0,0,20,0,0,20,0,0,0,0,0.933642538746913,-1.83665595808078,0.0258251998036514,-1.92597423493006
"154",154,128,1,"Prop","unint","assoc","plur","The jar near the sticky cookies","I",3,4,6,7,4,3,5,5,1,1,2,2,8.25,59.14,5.73,17.88,0.97,1.78,0.83,1.28,4.83,5.42,4.58,5.13,3,3,17,18,0,0,0,0,2.5,0,40,0,0,40,0,0,20,0,0,20,0,0,20,1,0,20,0,0,0.625,1.25,0.422173723448857,-0.315089974086732,-0.151580847031734,0.849308501111281
"155",155,128,5,"Prop","unint","rel","plur","The jar near the sticky lids","I",3,4,6,4,4,3,5,4,1,1,2,1,8.25,59.14,5.73,0.61,0.97,1.78,0.83,0.21,5.88,5.68,4.63,5.44,0,0,16,16,11.25,0,12.5,0,6.25,3.75,40,1,0,40,8,0,40,7,0,40,3,0,40,4,2,40,1,1,10.4166666666667,15,-0.130933581040131,0.680347909966778,-0.223423917461678,1.89930850111128
"156",156,128,3,"Prop","unint","unrel","plur","The jar near the stale bagels","I",3,4,5,6,4,3,4,6,1,1,1,2,8.25,59.14,2.92,1.88,0.97,1.78,0.59,0.46,2.5,1.92,2.42,6.25,0,0,12,14,0,0,0,0,0,0,40,0,0,40,0,0,20,0,0,20,0,0,20,0,0,20,0,0,0,0,-0.399502448494624,-0.288006565198324,0.00784234735090608,-1.48069149888872
"157",157,129,2,"Prop","unint","assoc","plur","The sink near the broken dishes","I",4,4,6,6,4,3,6,5,1,1,2,2,8.59,59.14,27.1,11.8,0.98,1.78,1.45,1.11,5,5.33,4,5.13,0,0,16,18,0,10,0,0,0,0,40,0,3,40,0,5,20,0,0,20,0,0,20,0,0,20,0,0,5,6.25,-0.255472221087454,0.409564206559829,0.538444878100375,-1.07718024874799
"158",158,129,6,"Prop","unint","rel","plur","The sink near the broken faucets","I",4,4,6,7,4,3,6,6,1,1,2,2,8.59,59.14,27.1,0.24,0.98,1.78,1.45,0.09,6.17,6.58,4.74,4.38,1,1,15,15,0,0,8.75,0,16.25,0,40,0,0,40,0,0,40,4,0,40,3,0,40,6,0,40,7,0,5.41666666666667,8.125,-0.187506074660897,0.796975683043735,-0.152746199149691,1.90519485889759
"159",159,129,4,"Prop","unint","unrel","plur","The sink near the broken tiles","I",4,4,6,5,4,3,6,5,1,1,2,1,8.59,59.14,27.1,1.65,0.98,1.78,1.45,0.42,4.83,3.83,3.25,4.75,0,0,17,18,0,0,0,0,0,0,40,0,0,40,0,0,20,0,0,20,0,0,20,0,0,20,0,0,0,0,-0.907826276551142,1.03272825066398,-0.0941171021282477,0.565194858897591
"160",160,130,2,"Prop","unint","assoc","plur","The window near the shaggy curtains","I",6,5,6,8,5,4,4,7,2,1,2,2,85.84,59.14,0.71,6.25,1.94,1.78,0.23,0.86,5.75,4.92,4.83,5.38,0,0,14,17,1.25,1.25,2.5,2.5,15,5,40,0,1,40,1,0,20,1,0,20,0,1,20,5,1,20,1,1,6.25,11.25,0.143736847134695,0.320783794607883,-0.0127752348495462,0.981111092222348
"161",161,130,6,"Prop","unint","rel","plur","The window near the shattered panes","I",6,5,9,5,5,4,6,4,2,1,2,1,85.84,59.14,1.39,0.06,1.94,1.78,0.38,0.02,5.79,6.25,4.96,4.63,0,0,12,13,8.75,0,42.5,0,38.75,6.25,40,2,0,40,5,0,40,29,0,40,5,0,40,29,2,40,2,3,30,43.75,0.25076133077321,0.219907504765554,-0.235736723549331,1.68252455306887
"162",162,130,4,"Prop","unint","unrel","plur","The window near the stylish paintings","I",6,5,7,9,5,4,7,7,2,1,2,2,85.84,59.14,2.14,11.27,1.94,1.78,0.5,1.09,3.25,2.42,2.75,5.13,0,0,18,19,0,0,0,0,0,0,40,0,0,40,0,0,20,0,0,20,0,0,20,0,0,20,0,0,0,0,-0.500293380272473,0.0748044320851462,-0.0476821911129788,-0.857475446931131
"163",163,131,2,"Prop","unint","assoc","plur","The rifle beside the expensive targets","I",5,6,9,7,6,6,9,7,2,2,3,2,14.45,14.96,27.92,6.65,1.19,1.2,1.46,0.88,4.75,4.92,4.75,5.56,1,1,11,13,0,0,0,0,0,0,40,0,0,40,0,0,20,0,0,20,0,0,20,0,0,20,0,0,0,0,0.638124756171829,-0.561865830892944,-0.0335109420977488,0.554864119099475
"164",164,131,6,"Prop","unint","rel","plur","The rifle beside the expensive triggers","I",5,6,9,8,6,6,9,7,2,2,3,2,14.45,14.96,27.92,0.61,1.19,1.2,1.46,0.21,5.67,5.71,4.25,4.13,0,0,5,7,0,0,0,0,0,0,40,0,0,40,0,0,40,0,0,40,0,0,40,0,0,40,0,0,0,0,-0.390312120142333,0.909710179891619,-0.0504075421592599,1.47486411909947
"165",165,131,4,"Prop","unint","unrel","plur","The rifle beside the expensive trophies","I",5,6,9,8,6,6,9,6,2,2,3,2,14.45,14.96,27.92,2.29,1.19,1.2,1.46,0.52,3.17,2.42,3.25,5.63,0,0,11,13,0,0,0,0,0,0,40,0,0,40,0,0,20,0,0,20,0,0,20,0,0,20,0,0,0,0,0.0456576524504975,-0.487137798539254,-0.00449286807906674,-1.02513588090053
"166",166,132,2,"Prop","unint","assoc","plur","The banana near the melted sundaes","I",6,5,6,7,6,4,6,6,3,1,2,2,10.61,59.14,0.8,0.53,1.06,1.78,0.26,0.18,4,4.75,3.5,4.8,2,2,14,15,0,0,5,0,2.5,2.5,40,0,0,40,0,0,20,0,0,20,2,0,20,1,0,20,0,1,1.875,3.75,-0.181084312050324,0.232343146864629,-0.0998465564019452,0.0338898506444609
"167",167,132,6,"Prop","unint","rel","plur","The banana near the messy peels","I",6,5,5,5,6,4,4,4,3,1,2,1,10.61,59.14,6.86,0.35,1.06,1.78,0.9,0.13,6.29,5.96,4.8,5.69,2,2,19,19,10,0,16.25,0,23.75,1.25,40,4,0,40,4,0,40,12,0,40,1,0,40,14,1,40,5,0,15,20,-0.196432623745358,1.01214178213468,-0.264254709917624,2.32388985064446
"168",168,132,4,"Prop","unint","unrel","plur","The banana near the healthy drinks","I",6,5,8,6,6,4,5,6,3,1,2,1,10.61,59.14,24.71,29.37,1.06,1.78,1.41,1.48,2.75,2.83,4,5.94,0,0,17,17,0,0,0,0,0,0,40,0,0,40,0,0,39,0,0,39,0,0,39,0,0,39,0,0,0,0,1.03690057424609,-1.59850353187766,-0.0101041145265748,-1.21611014935554
"169",169,133,3,"Prop","unint","assoc","plur","The car by the wide roads","I",3,2,4,5,3,3,4,4,1,1,1,1,482.41,1212.84,15.1,9.06,2.68,3.08,1.21,1,5.67,5.67,4,5.06,0,0,13,14,5,0,2.5,7.5,5,5,40,0,0,40,4,0,20,1,2,20,0,1,20,0,1,20,2,1,5.625,11.25,-0.640312120142332,1.06123557628417,-0.103671753259491,1.33440621717367
"170",170,133,1,"Prop","unint","rel","plur","The car by the white bumpers","I",3,2,5,7,3,3,4,7,1,1,1,2,482.41,1212.84,140.88,0.31,2.68,3.08,2.15,0.12,6.24,6.14,4.08,3.94,1,1,15,17,0,0,25,13.75,17.5,17.5,40,0,0,40,0,0,40,14,8,40,6,3,40,11,13,40,3,1,22.9166666666667,34.375,-0.887713228293499,1.5472625857266,-0.123719591474024,1.90440621717367
"171",171,133,5,"Prop","unint","unrel","plur","The car by the wide ramps","I",3,2,4,5,3,3,4,5,1,1,1,1,482.41,1212.84,15.1,0.41,2.68,3.08,1.21,0.15,5.25,4.33,3.42,5.44,0,0,10,10,0,0,0,0,0,2.5,40,0,0,40,0,0,20,0,0,20,0,0,20,0,0,20,0,1,0,0,-0.979069198346736,1.25003975782653,-0.0888996619435196,0.914406217173665
"172",172,134,3,"Prop","unint","assoc","plur","The dresser by the heavy mirrors","I",7,2,5,7,6,3,4,6,2,1,2,2,3.51,1212.84,47.04,4.61,0.65,3.08,1.68,0.75,4.67,3.67,4.25,5.94,1,1,12,13,2.5,0,0,0,0,0,40,0,0,40,2,0,20,0,0,20,0,0,20,0,0,20,0,0,1.25,2.5,0.1840757888948,-0.132523987384224,-0.202351515333521,0.660958486629951
"173",173,134,1,"Prop","unint","rel","plur","The dresser by the heavy drawers","I",7,2,5,7,6,3,4,5,2,1,2,1,3.51,1212.84,47.04,4.27,0.65,3.08,1.68,0.72,6.54,6.29,5.08,4.63,2,2,14,14,6.25,5,11.25,0,18.75,0,40,2,0,40,3,4,40,8,0,40,1,0,40,9,0,40,6,0,11.25,15.625,-0.0600296010046373,0.838768858557787,0.0664989474820627,1.12891286823458
"174",174,134,5,"Prop","unint","unrel","plur","The dresser by the heavy rugs","I",7,2,5,4,6,3,4,4,2,1,2,1,3.51,1212.84,47.04,1.24,0.65,3.08,1.68,0.35,3.75,4.17,2.83,5,0,0,16,18,0,0,0,0,0,0,40,0,0,40,0,0,20,0,0,20,0,0,20,0,0,20,0,0,0,0,-0.707487334791039,0.485023191847517,-0.113229817895198,-0.259041513370049
"175",175,135,3,"Prop","unint","assoc","plur","The atlas by the detailed globes","I",5,2,8,6,5,3,6,5,2,1,2,1,0.96,1212.84,3.27,0.35,0.29,3.08,0.63,0.13,5.67,5.75,5.08,5.56,2,2,8,10,11.25,0,0,0,0,0,40,6,0,40,3,0,20,0,0,20,0,0,20,0,0,20,0,0,5.625,3.75,0.439687879857668,-0.056253515414399,-0.420716906526987,1.51839364763566
"176",176,135,1,"Prop","unint","rel","plur","The atlas by the detailed maps","I",5,2,8,4,5,3,6,4,2,1,2,1,0.96,1212.84,3.27,4.86,0.29,3.08,0.63,0.77,6.51,6.83,4.83,5.88,0,1,8,9,32.5,5,5,0,5,0,40,18,2,40,8,2,40,4,0,40,0,0,40,2,0,40,2,0,15,10,-0.292797963733523,1.04940922028263,-0.0842889844050496,1.02753990159745
"177",177,135,5,"Prop","unint","unrel","plur","The atlas by the detailed journals","I",5,2,8,8,5,3,6,8,2,1,2,2,0.96,1212.84,0.67,6.49,0.29,3.08,0.22,0.87,3.67,3.67,3.5,5.75,1,1,12,12,0,0,0,0,0,0,40,0,0,40,0,0,20,0,0,20,0,0,20,0,0,20,0,0,0,0,0.00846369793193213,-0.377265025809163,-0.150307197293503,-0.481606352364336
"178",178,136,3,"Prop","unint","assoc","plur","The chain by the flimsy saws","I",5,2,6,4,4,3,6,3,1,1,2,1,20,1212.84,0.75,0.35,1.32,3.08,0.24,0.13,4.08,4.25,3.75,4.69,1,1,10,13,2.5,0,0,0,0,0,40,1,0,40,1,0,20,0,0,20,0,0,20,0,0,20,0,0,1.25,1.25,0.022964655226708,-0.15811571549523,-0.169924343646421,0.266159293476421
"179",179,136,1,"Prop","unint","rel","plur","The chain by the flimsy links","I",5,2,6,5,4,3,6,5,1,1,2,1,20,1212.84,0.75,1.8,1.32,3.08,0.24,0.45,5.71,6.5,4.47,3.44,1,2,10,13,10,2.5,20,0,15,1.25,40,7,1,40,1,1,40,5,0,40,11,0,40,5,0,40,7,1,12.9166666666667,14.375,-0.193287636503818,0.685841965583106,-0.0333439081503657,0.829832506617187
"180",180,136,5,"Prop","unint","unrel","plur","The chain by the flimsy signs","I",5,2,6,5,4,3,6,5,1,1,2,1,20,1212.84,0.75,19.82,1.32,3.08,0.24,1.32,1.92,1.75,2.33,4.8,1,1,10,11,0,0,0,0,0,0,40,0,0,40,0,0,20,0,0,20,0,0,20,0,0,20,0,0,0,0,-0.156357461253086,-0.767865586510839,0.0731347111563514,-1.89384070652358
"181",181,137,4,"Prop","unint","assoc","plur","The hose near the yellow hydrants","I",4,4,6,8,3,3,4,9,1,1,2,2,7.45,59.14,31.41,0.12,0.93,1.78,1.51,0.05,4.67,5.33,5,5.44,0,0,8,8,0,0,2.5,0,0,0,40,0,0,40,0,0,20,0,0,20,1,0,20,0,0,20,0,0,0.625,1.25,0.934075788894799,-0.892270494473982,-0.0700583292968067,0.677664428530631
"182",182,137,2,"Prop","unint","rel","plur","The hose near the yellow nozzles","I",4,4,6,7,3,3,4,6,1,1,2,2,7.45,59.14,31.41,0.25,0.93,1.78,1.51,0.1,5.42,5.96,4.33,4.56,1,1,5,5,1.25,0,31.25,1.25,26.25,1.25,40,0,0,40,1,0,40,20,0,40,5,1,40,16,1,40,5,0,18.3333333333333,27.5,-0.16671514288305,0.609694991770246,-0.0969757689843087,1.42766442853063
"183",183,137,6,"Prop","unint","unrel","plur","The hose near the yellow helmets","I",4,4,6,7,3,3,4,7,1,1,2,2,7.45,59.14,31.41,2.02,0.93,1.78,1.51,0.48,1.33,2.17,3.25,4.5,0,0,13,14,0,0,0,0,0,0,40,0,0,40,0,0,20,0,0,20,0,0,20,0,0,20,0,0,0,0,1.10253140507882,-2.26818153786593,0.0498140021115351,-2.66233557146937
"184",184,138,4,"Prop","unint","assoc","plur","The table by the rebuilt patios","I",5,3,7,6,5,4,6,6,2,1,2,3,105.2,1212.84,0.14,0,2.03,3.08,0.06,0,4.17,4.58,3.5,5.44,0,1,12,14,0,0,2.5,0,0,0,40,0,0,40,0,0,20,1,0,20,0,0,20,0,0,20,0,0,0.625,1.25,-0.278730256586635,0.254313051278542,-0.136650315146709,0.307537599296009
"185",185,138,2,"Prop","unint","rel","plur","The table by the rebuilt legs","I",5,3,7,4,5,4,6,4,2,1,2,1,105.2,1212.84,0.14,55.43,2.03,3.08,0.06,1.75,5.04,5.71,4.71,4.44,1,1,11,14,5,2.5,2.5,0,0,0,40,0,0,40,4,2,40,1,0,40,1,0,40,0,0,40,0,0,3.33333333333333,5,0.43155226255106,-0.217889545783486,0.108069395191931,0.128476566048266
"186",186,138,6,"Prop","unint","unrel","plur","The table by the rusty barrels","I",5,3,5,7,5,4,5,6,2,1,2,2,105.2,1212.84,4.45,2.75,2.03,3.08,0.74,0.57,2.25,2.33,2.17,4.69,1,1,16,19,0,0,0,0,0,0,40,0,0,40,0,0,20,0,0,20,0,0,20,0,0,20,0,0,0,0,-0.505905471235341,-0.190373350297906,0.0294854965197411,-1.61246240070399
"187",187,139,4,"Prop","unint","assoc","plur","The tree near the closed forts","I",4,4,6,5,3,3,5,5,1,1,1,1,64.12,59.14,7.59,0.39,1.81,1.78,0.93,0.14,3.25,4.08,2.92,5.31,2,3,13,15,0,0,5,0,2.5,0,40,0,0,40,0,0,20,0,0,20,2,0,20,0,0,20,1,0,1.25,2.5,-0.330293380272473,-0.0516370988503305,-0.00988709326688043,-0.739432014263332
"188",188,139,2,"Prop","unint","rel","plur","The tree near the cut limbs","I",4,4,3,5,3,3,3,4,1,1,1,1,64.12,59.14,0.49,2.59,1.81,1.78,0.17,0.55,5.79,6.04,4.46,5.69,1,2,12,16,0,0,8.75,0,11.25,2.5,40,0,0,40,0,0,40,4,0,40,3,0,40,8,0,40,1,2,6.25,9.375,-0.249238669226789,0.793373123414528,-0.069839578434618,1.80056798573667
"189",189,139,6,"Prop","unint","unrel","plur","The tree near the closed gates","I",4,4,6,5,3,3,5,4,1,1,1,1,64.12,59.14,7.59,9.27,1.81,1.78,0.93,1.01,2.42,2,2.67,5.25,0,0,13,13,0,0,0,0,0,0,40,0,0,40,0,0,20,0,0,20,0,0,20,0,0,20,0,0,0,0,-0.103551415771653,-0.606476420646574,0.00970367944541174,-1.56943201426333
"190",190,140,4,"Prop","unint","assoc","plur","The book beside the tall shelves","I",4,6,4,7,3,6,3,5,1,2,1,1,171.55,14.96,32.25,2.71,2.24,1.2,1.52,0.57,5.08,5.17,4.42,5.06,1,1,16,17,0,0,17.5,10,7.5,17.5,40,0,0,40,0,0,20,5,4,20,2,0,20,3,5,20,0,2,11.875,23.75,0.118576746189576,0.0440307918707292,-0.0841065382786931,0.734922193162222
"191",191,140,2,"Prop","unint","rel","plur","The book beside the torn pages","I",4,6,4,5,3,6,4,6,1,2,1,1,171.55,14.96,1.45,13.53,2.24,1.2,0.39,1.16,6.54,6.54,4.83,4.5,0,0,16,17,0,3.75,31.25,1.25,23.75,13.75,40,0,1,40,0,2,40,22,0,40,3,1,40,15,9,40,4,2,22.0833333333333,32.5,-0.310029601004636,1.0707277749423,0.253871523131839,1.1252467480239
"192",192,140,6,"Prop","unint","unrel","plur","The book beside the tall stacks","I",4,6,4,6,3,6,3,5,1,2,1,1,171.55,14.96,32.25,1.82,2.24,1.2,1.52,0.45,5.25,4.08,4.17,4.63,1,1,16,16,0,0,0,5,0,20,40,0,0,40,0,0,20,0,1,20,0,1,20,0,4,20,0,4,3.75,7.5,-0.229069198346736,0.478239948534405,-0.0901638872925352,0.904922193162222
"193",193,141,5,"Prop","unint","assoc","plur","The couch by the thin televisions","I",5,2,4,11,5,3,3,10,1,1,1,4,23.22,1212.84,18.51,0.31,1.38,3.08,1.29,0.12,3.42,3.92,3.08,5,0,0,15,16,1.25,0,0,0,0,0,40,0,0,40,1,0,20,0,0,20,0,0,20,0,0,20,0,0,0.625,1.25,-0.267939324808784,-0.149428616494152,-0.0621782355006682,-0.468083736768207
"194",194,141,3,"Prop","unint","rel","plur","The couch by the thin cushions","I",5,2,4,8,5,3,3,6,1,1,1,2,23.22,1212.84,18.51,1.16,1.38,3.08,1.29,0.33,6.13,5.33,4.25,4.94,0,0,18,18,3.75,1.25,25,0,23.75,1.25,40,0,1,40,3,0,40,12,0,40,8,0,40,14,1,40,5,0,16.25,23.75,-0.654530558299412,1.30589740532963,-0.0484481352788366,1.52694184051011
"195",195,141,1,"Prop","unint","unrel","plur","The couch by the big treadmills","I",5,2,3,10,5,3,3,8,1,1,1,2,23.22,1212.84,680.06,0.06,1.38,3.08,2.83,0.02,1.67,2.42,2.64,5.44,0,0,15,16,0,0,0,0,0,0,40,0,0,40,0,0,20,0,0,20,0,0,20,0,0,20,0,0,0,0,0.297239516006197,-1.42758541102617,0.0710218842822819,-2.21808373676821
"196",196,142,5,"Prop","unint","assoc","plur","The sneaker beside the pink socks","I",7,6,4,5,6,6,4,4,2,2,1,1,0.67,14.96,26.96,18.25,0.22,1.2,1.45,1.28,5.67,6,4.67,5.88,3,4,14,16,0,0,0,0,0,0,40,0,0,40,0,0,20,0,0,20,0,0,20,0,0,20,0,0,0,0,0.0296878798576676,0.410822116567607,-0.0410647154985878,1.41310432935261
"197",197,142,3,"Prop","unint","rel","plur","The sneaker beside the pink shoelaces","I",7,6,4,9,6,6,4,7,2,2,1,3,0.67,14.96,26.96,1,0.22,1.2,1.45,0.3,6.17,6,4.96,5.81,2,2,7,8,0,0,3.75,0,0,2.5,40,0,0,40,0,0,40,1,0,40,2,0,40,0,0,40,0,2,1.25,1.875,0.0324939253391019,0.597146930348188,-0.0487737389192389,1.91310432935261
"198",198,142,1,"Prop","unint","unrel","plur","The sneaker beside the pink skis","I",7,6,4,4,6,6,4,4,2,2,1,1,0.67,14.96,26.96,1.29,0.22,1.2,1.45,0.36,2.92,3.42,3.25,5.25,1,1,9,10,0,0,0,0,0,0,40,0,0,40,0,0,20,0,0,20,0,0,20,0,0,20,0,0,0,0,0.189254629709781,-0.803251109530414,0.00133491331499346,-1.33689567064739
"199",199,143,5,"Prop","unint","assoc","plur","The pencil by the colorful sharpeners","I",6,2,8,10,6,3,8,9,2,1,3,3,9.67,1212.84,3.14,0.04,1.03,3.08,0.62,0.02,5.75,4.92,4.58,5.8,2,2,14,17,1.25,0,35,0,35,7.5,40,0,0,40,1,0,20,12,0,20,2,0,20,12,3,20,2,0,18.75,37.5,-0.106263152865303,0.496923753244139,-0.0663866104066081,1.31919648548872
"200",200,143,3,"Prop","unint","rel","plur","The pencil by the colorful erasers","I",6,2,8,7,6,3,8,7,2,1,3,2,9.67,1212.84,3.14,0.33,1.03,3.08,0.62,0.12,6.33,6.46,4.38,6,0,0,14,15,0,0,27.5,0,22.5,7.5,40,0,0,40,0,0,40,14,0,40,8,0,40,12,5,40,6,1,16.25,24.375,-0.639408140106839,1.28278218609939,-0.0796287347088184,1.89919648548872
"201",201,143,1,"Prop","unint","unrel","plur","The pencil by the colorful staplers","I",6,2,8,8,6,3,8,9,2,1,3,2,9.67,1212.84,3.14,0.04,1.03,3.08,0.62,0.02,4.92,5,2.83,4.56,2,2,13,13,0,0,0,0,0,0,40,0,0,40,0,0,20,0,0,20,0,0,20,0,0,20,0,0,0,0,-1.37952118836448,1.46818504072756,-0.0474366739051691,0.489196485488723
"202",202,144,5,"Prop","unint","assoc","plur","The backpack on the frayed books","I",8,2,6,5,6,2,4,4,2,1,1,1,3.63,4424.29,0.45,67.53,0.67,3.65,0.16,1.84,5.33,4.67,5.18,3.94,0,0,11,12,2.5,16.25,0,0,0,0,40,1,5,40,1,8,20,0,0,20,0,0,20,0,0,20,0,0,9.375,11.25,0.73497976893029,-0.42841312344587,0.49644024638917,-1.24805239063259
"203",203,144,3,"Prop","unint","rel","plur","The backpack on the frayed straps","I",8,2,6,6,6,2,4,6,2,1,1,1,3.63,4424.29,0.45,1.24,0.67,3.65,0.16,0.35,5.63,5.42,5.04,3.81,0,0,7,8,1.25,1.25,5,0,2.5,0,40,0,1,40,1,0,40,2,0,40,2,0,40,0,0,40,2,0,2.5,3.125,0.422663396219152,0.0294338791694377,-0.149754116269641,1.0981236645286
"204",204,144,1,"Prop","unint","unrel","plur","The backpack on the folded quilts","I",8,2,6,6,6,2,6,6,2,1,2,1,3.63,4424.29,0.51,0.31,0.67,3.65,0.18,0.12,1.83,2.25,2.17,4.19,0,0,15,15,0,0,0,0,0,0,40,0,0,40,0,0,20,0,0,20,0,0,20,0,0,20,0,0,0,0,-0.264662549439745,-0.534702567216734,0.0887078107419713,-1.9639112008231
"205",205,145,6,"Prop","unint","assoc","plur","The skeleton near the locked closets","I",8,4,6,7,8,3,4,7,3,1,1,2,4.33,59.14,3.98,2.14,0.73,1.78,0.7,0.5,2.83,2.75,3.42,3.5,0,1,14,15,3.75,0,0,0,0,0,40,3,0,40,0,0,20,0,0,20,0,0,20,0,0,20,0,0,1.875,0,0.410949541523123,-1.02320858053546,-0.0320302864609275,-1.02989454656163
"206",206,145,4,"Prop","unint","rel","plur","The skeleton near the large bones","I",8,4,5,5,8,3,5,4,3,1,1,1,4.33,59.14,38.49,30.29,0.73,1.78,1.6,1.5,6.83,6.88,4.66,5.19,0,0,15,16,1.25,20,7.5,0,15,0,40,1,9,40,0,7,40,3,0,40,3,0,40,10,0,40,2,0,13.75,14.375,-0.646602094625406,1.61252841826421,0.414282620137113,-0.0813782531503033
"207",207,145,2,"Prop","unint","unrel","plur","The skeleton near the locked classrooms","I",8,4,6,10,8,3,4,8,3,1,1,2,4.33,59.14,3.98,0.59,0.73,1.78,0.7,0.2,2.36,3,2.58,3.5,0,0,17,17,0,0,0,0,0,0,40,0,0,40,0,0,20,0,0,20,0,0,20,0,0,20,0,0,0,0,-0.159088141229425,-0.56903041843201,0.0248029470138027,-1.49989454656163
"208",208,146,6,"Prop","unint","assoc","plur","The lamp beside the cheap desks","I",4,6,5,5,4,6,4,5,1,2,1,1,12.82,14.96,36.02,1.02,1.14,1.2,1.57,0.31,4.5,5.08,4.67,5.5,0,0,10,10,2.5,0,5,0,2.5,0,40,0,0,40,2,0,20,2,0,20,0,0,20,0,0,20,1,0,2.5,5,0.701721733431111,-0.687895804954871,-0.114577041708309,0.633398236723659
"209",209,146,4,"Prop","unint","rel","plur","The lamp beside the cheap bulbs","I",4,6,5,5,4,6,4,5,1,2,1,1,12.82,14.96,36.02,1.71,1.14,1.2,1.57,0.43,6.25,6.08,5.19,4.63,0,0,14,14,5,0,3.75,0,0,0,40,0,0,40,4,0,40,0,0,40,3,0,40,0,0,40,0,0,2.91666666666667,4.375,0.21654289261613,0.477229818906204,-0.221690213357427,2.38339823672366
"210",210,146,2,"Prop","unint","unrel","plur","The lamp beside the cheap dolls","I",4,6,5,5,4,6,4,4,1,2,1,1,12.82,14.96,36.02,5.65,1.14,1.2,1.57,0.82,1.17,1.5,2.5,6,0,0,19,20,0,0,0,0,0,0,40,0,0,40,0,0,20,0,0,20,0,0,20,0,0,20,0,0,0,0,0.444433470524762,-1.57717004299051,0.0892440220582971,-2.69660176327634
"211",211,147,6,"Prop","unint","assoc","plur","The canoe by the weathered camps","I",5,2,9,5,4,3,6,5,2,1,2,1,3.53,1212.84,0.18,3.76,0.66,3.08,0.07,0.68,3.67,3.67,3.67,5.63,2,2,13,13,3.75,0,0,0,0,0,40,2,0,40,1,0,20,0,0,20,0,0,20,0,0,20,0,0,1.875,1.25,0.178463697931932,-0.496943518322951,-0.0396883914068174,-0.434404409368553
"212",212,147,4,"Prop","unint","rel","plur","The canoe by the weathered oars","I",5,2,9,4,4,3,6,3,2,1,2,1,3.53,1212.84,0.18,1.08,0.66,3.08,0.07,0.32,5.96,5.46,4.83,6.27,0,0,15,15,1.25,0,8.75,0,5,0,40,1,0,40,0,0,40,4,0,40,3,0,40,1,0,40,3,0,3.75,5,0.0231153862368991,0.533723025253674,-0.132685926445564,1.85559559063145
"213",213,147,2,"Prop","unint","unrel","plur","The canoe by the well-worn trails","I",5,2,9,6,4,3,7,5,2,1,2,1,3.53,1212.84,0,1.78,0.66,3.08,0,0.44,4.17,3.75,3.42,5.44,0,0,12,13,0,0,0,0,0,0,40,0,0,40,0,0,20,0,0,20,0,0,20,0,0,20,0,0,0,0,-0.358730256586634,0.274464554182086,-0.0599935300615655,0.0655955906314469
"214",214,148,6,"Prop","unint","assoc","plur","The violin beside the pricey bows","I",6,6,6,4,7,6,6,4,3,2,2,1,4.76,14.96,0.63,1.45,0.76,1.2,0.21,0.39,4.92,4.83,5.08,5.44,2,2,11,12,3.75,0,0,0,0,0,40,1,0,40,2,0,20,0,0,20,0,0,20,0,0,20,0,0,1.875,2.5,0.870478811635516,-0.697886194690881,-0.263162306985992,1.15769166182554
"215",215,148,4,"Prop","unint","rel","plur","The violin beside the pricey strings","I",6,6,6,7,7,6,6,7,3,2,2,1,4.76,14.96,0.63,8.1,0.76,1.2,0.21,0.96,6.17,6.17,5,5,0,0,8,9,6.25,11.25,1.25,0,6.25,0,40,2,4,40,3,5,40,1,0,40,0,0,40,3,0,40,2,0,7.5,7.5,0.0724939253391002,0.64409979900301,0.276842423572752,0.10286113080998
"216",216,148,2,"Prop","unint","unrel","plur","The violin beside the pricey bowls","I",6,6,6,5,7,6,6,4,3,2,2,1,4.76,14.96,0.63,2.02,0.76,1.2,0.21,0.48,1.17,1.42,2,5.19,1,1,15,15,0,0,0,0,0,0,40,0,0,40,0,0,20,0,0,20,0,0,20,0,0,20,0,0,0,0,-0.0555665294752377,-0.906425437476071,0.156823501337775,-2.59230833817446
